ranking,name,price,screen_size,ram,memory,rear_camera,front_camera,weight
1,"Smartfon Motorola Edge 30 Ultra 12/256GB 6,67"" P-OLED 1080x2400 4610mAh DualSIM 5G Clark White",2998.0,6.67,12.0,256.0,200.0,60.0,198.5
2,"Smartfon Motorola Edge 30 Ultra 12/256GB 6,67"" P-OLED 1080x2400 4610mAh DualSIM 5G Ash Gray",2999.0,6.67,12.0,256.0,200.0,60.0,198.5
3,Smartfon Xiaomi 12 Lite 5G 8/256GB Czarny,1499.0,6.55,8.0,256.0,108.0,32.0,173.0
4,Smartfon Xiaomi 12 Lite 5G 8/256GB Zielony,1499.0,6.55,8.0,256.0,108.0,32.0,173.0
5,Smartfon Xiaomi Mi 12 Lite 8/128GB Czarny,1229.0,6.55,8.0,128.0,108.0,32.0,173.0
6,"Smartfon Motorola Edge 40 Neo 12/256GB 6,55"" OLED 1080x2400 5000mAh Dual SIM 5G Caneel Bay",1899.0,6.55,12.0,256.0,50.0,32.0,170.0
7,"Smartfon Motorola Edge 30 Fusion 12/256GB 6,55"" P-OLED 2400x1080 4400mAh Dual SIM 5G Cosmic Grey",2199.0,6.55,12.0,256.0,50.0,32.0,175.0
8,"Smartfon Motorola Edge 40 Pro 12/256GB 6,67"" P-OLED 2400x1080 4600mAh Dual SIM 5G Angel Falls",3999.0,6.67,12.0,256.0,50.0,60.0,197.0
9,"Smartfon Motorola Edge 40 Pro 12/256GB 6,67"" P-OLED 2400x1080 4600mAh Dual SIM 5G Quartz Black",3999.0,6.67,12.0,256.0,50.0,60.0,197.0
10,Smartfon Huawei Nova 11 Pro 8/256GB Zielony,2799.0,6.78,8.0,256.0,50.0,60.0,188.0
11,"Smartfon Motorola Edge 20 Lite 8/128GB 6,7"" OLED 2400x1080 5000mAh Dual SIM 5G Lagoon Green",1099.0,6.7,8.0,128.0,108.0,32.0,185.0
12,"Smartfon Motorola Edge 40 8/256GB 6,55"" P-OLED 2400x1080 4400mAh Dual SIM Reseda Green",1799.0,6.55,8.0,256.0,50.0,32.0,171.0
13,"Smartfon Motorola Edge 40 8/256GB 6,55"" P-OLED 2400x1080 4400mAh Dual SIM 5G Jet Black",1799.0,6.55,8.0,256.0,50.0,32.0,172.0
14,"Smartfon Motorola Edge 40 8/256GB 6,55"" P-OLED 2400x1080 4400mAh Dual SIM 5G Viva Magenta",1799.0,6.55,8.0,256.0,50.0,32.0,172.0
15,"Smartfon Motorola Edge 40 8/256GB 6,55"" P-OLED 2400x1080 4400mAh Dual SIM 5G Coronet Blue",1799.0,6.55,8.0,256.0,50.0,32.0,172.0
16,Smartfon Xiaomi 12 Lite 5G 6/128 Zielony,1299.0,6.55,6.0,128.0,108.0,32.0,173.0
17,"Smartfon Motorola Edge 20 6/128GB 6,7"" OLED 2400x1080 4000mAh Dual SIM 5G Frosted Grey",1099.0,6.7,6.0,128.0,108.0,32.0,163.0
18,Smartfon Xiaomi Redmi Note 12S 8/256GB Czarny,899.0,6.43,8.0,256.0,108.0,16.0,176.0
19,Smartfon Xiaomi Redmi Note 12S 8/256GB Zielony,899.0,6.43,8.0,256.0,108.0,16.0,176.0
20,Smartfon Xiaomi Redmi Note 12S 8/256GB Niebieski,899.0,6.43,8.0,256.0,108.0,16.0,176.0
21,Smartfon Xiaomi 12T Pro 5G 8/256GB Niebieski,2899.0,6.67,8.0,256.0,200.0,20.0,205.0
22,Smartfon Xiaomi 12X 5G 8/256GB Fioletowy,1919.0,6.28,8.0,256.0,50.0,32.0,176.0
23,Smartfon Xiaomi 12X 5G 8/256GB Niebieski,1919.0,6.28,8.0,256.0,50.0,32.0,176.0
24,Smartfon Xiaomi 12X 5G 8/256GB Szary,1919.0,6.28,8.0,256.0,50.0,32.0,176.0
25,"Smartfon Motorola Edge 30 Neo 8/128GB 6,28"" P-OLED 1080x2400 4020mAh DualSIM 5G Very Peri",999.0,6.28,8.0,128.0,64.0,32.0,155.0
26,"Smartfon Motorola Edge 30 Neo 8/128GB 6,28"" P-OLED 2400x1080 4020mAh Dual SIM 5G Ice Palace",999.0,6.28,8.0,128.0,64.0,32.0,155.0
27,"Smartfon Motorola Edge 30 Neo 8/128GB 6,28"" P-OLED 1080x2400 4020mAh Dual SIM 5G Moonless Night",999.0,6.28,8.0,128.0,64.0,32.0,155.0
28,"Smartfon Motorola EDGE 30 NEO 8/128GB 6,28"" P-OLED 2400x1080 4020mAh DualSIM 5G Aqua Foam",999.0,6.28,8.0,128.0,64.0,32.0,155.0
29,Smartfon Xiaomi 12 5G 8/256GB Niebieski,1799.0,6.28,8.0,256.0,50.0,32.0,180.0
30,"Smartfon Motorola Edge 30 8/128GB 6,55"" P-OLED 1080x2400 4020mAh Dual SIM 5G Meteor Grey",1144.0,6.55,8.0,128.0,50.0,32.0,155.0
31,"Smartfon Samsung Galaxy S22 Ultra (S908) 12/256GB 6,8"" Dynamic AMOLED 2X 3088x1440 5000mAh Dual SIM 5G biały",4299.0,6.8,12.0,256.0,108.0,40.0,228.0
32,"Smartfon Motorola Moto G72 8/128GB 6,55"" P-OLED 1080x2460 5000mAh Dual SIM 4G Polar Blue",899.0,6.55,8.0,128.0,108.0,16.0,166.0
33,"Smartfon Motorola Moto G72 8/128GB 6,55"" P-OLED 1080x2460 5000mAh Dual SIM 4G Mineral White",899.0,6.55,8.0,128.0,108.0,16.0,166.0
34,Smartfon realme 11 Pro 5G 8/256GB Czarny,1599.0,6.7,8.0,256.0,100.0,16.0,185.0
35,"Smartfon Motorola Moto G84 12/256GB 6,55"" P-OLED 1080x2400 5000mAh Dual SIM 5G Midnight Blue",1448.0,6.55,12.0,256.0,50.0,16.0,160.0
36,"Smartfon Motorola Moto G84 12/256GB 6,55"" P-OLED 1080x2400 5000mAh Dual SIM 5G Marshmallow Blue",1499.0,6.55,12.0,256.0,50.0,16.0,160.0
37,"Smartfon Motorola Moto G72 8/128GB 6,6"" AMOLED 2400x1080 5000mAh Dual SIM 4G Meteorite Grey",899.0,6.6,8.0,128.0,108.0,16.0,166.0
38,"Smartfon Motorola ThinkPhone 8/256GB 6,6"" P-OLED 2400x1080 5000mAh Dual SIM 5G Carbon Black",3988.0,6.6,8.0,256.0,50.0,32.0,189.0
39,"Smartfon Motorola ThinkPhone 8/256GB 6,55"" AMOLED 2400x1080 5G DS Carbon Black",4199.0,6.55,8.0,256.0,50.0,32.0,189.0
40,"Smartfon Samsung Galaxy A54 (A546B) 8/256GB 6,4"" SAMOLED 1080x2340 5000mAh Hybrid Dual SIM 5G Awesome Graphite",1877.0,6.4,8.0,256.0,50.0,32.0,202.0
41,"Smartfon Samsung Galaxy A54 (A546B) 8/256GB 6,4"" SAMOLED 1080x2340 5000mAh Hybrid Dual SIM 5G Awesome Violet",1895.0,6.4,8.0,256.0,50.0,32.0,202.0
42,"Smartfon Samsung Galaxy A54 (A546B) 8/256GB 6,4"" SAMOLED 1080x2340 5000mAh Hybrid Dual SIM 5G Awesome White",1895.0,6.4,8.0,256.0,50.0,32.0,202.0
43,"Smartfon Samsung Galaxy A54 (A546B) 8/256GB 6,4"" SAMOLED 1080x2340 5000mAh Hybrid Dual SIM 5G Awesome Lime",1925.0,6.4,8.0,256.0,50.0,32.0,202.0
44,"Smartfon Samsung Galaxy A54 (A546B) 8/256GB 6,4"" OLED 1080x2340 5000 mAh Hybrid Dual SIM 5G Awesome Graphite",1925.0,6.4,8.0,256.0,50.0,32.0,202.0
45,Smartfon realme 11 Pro 5G 8/256GB Beżowy,1599.0,6.7,8.0,256.0,100.0,16.0,191.0
46,Smartfon Xiaomi Redmi 12 Pro 5G 12/256GB Szary,2799.0,6.73,12.0,256.0,50.0,32.0,205.0
47,Smartfon Xiaomi 12 Pro 5G 12/256GB Niebieski,2859.0,6.73,12.0,256.0,50.0,32.0,205.0
48,"Smartfon Motorola Razr 40 8/256GB 6,9"" P-OLED 2640x1080 4200mAh Dual SIM 5G Sedona Sage",3499.0,6.9,8.0,256.0,64.0,32.0,188.6
49,"Smartfon Motorola Moto Razr 40 8/256GB 6,9"" P-OLED 2640x1080 4200mAh Dual SIM 5G Summer Lilac",3499.0,6.9,8.0,256.0,64.0,32.0,188.6
50,"Smartfon Motorola Razr 40 8/256GB 6,9"" P-OLED 2640x1080 4200mAh Dual SIM 5G Vanilia Cream",3499.0,6.9,8.0,256.0,64.0,32.0,188.6
51,Smartfon Xiaomi 12X 5G 8/128GB Fioletowy,1799.0,6.28,8.0,128.0,50.0,32.0,176.0
52,Smartfon Xiaomi 12X 5G 8/128GB Niebieski,1799.0,6.28,8.0,128.0,50.0,32.0,176.0
53,Smartfon Xiaomi 12X 5G 8/128GB Szary,1799.0,6.28,8.0,128.0,50.0,32.0,176.0
54,Smartfon Xiaomi 11 Lite 5G 8/128GB Zielony,1359.0,6.55,8.0,128.0,64.0,20.0,158.0
55,Smartfon Xiaomi 13T Pro 5G 12/512GB Czarny,3099.0,6.67,12.0,512.0,50.0,20.0,206.0
56,"Smartfon Motorola Moto G72 6/128GB 6,55"" P-OLED 1080x2460 Dual SIM 5000mAh Meteorite Grey",799.0,6.55,6.0,128.0,108.0,16.0,166.0
57,"Smartfon Samsung Galaxy A53 (A536) 6/128GB 6,5"" SAMOLED 2400x1080 5000mAh Hybrid Dual SIM 5G Black",1426.0,6.5,6.0,128.0,64.0,32.0,189.0
58,"Smartfon Motorola Razr 2022 8/256GB 6,7"" AMOLED 2400x1080 3500mAh Dual SIM 5G Satin Black",3999.0,6.7,8.0,256.0,50.0,32.0,200.0
59,"Smartfon Samsung Galaxy S21 FE (G990) 8/256GB 6,4"" Dynamic AMOLED 2X 2340x1080 4500mAh Dual SIM 5G Lavender",2645.0,6.4,8.0,256.0,12.0,32.0,177.0
60,Smartfon Xiaomi Redmi Note 12S 6/128GB Czarny,919.0,6.43,6.0,128.0,108.0,16.0,176.0
61,"Smartfon Motorola Moto G73 8/256GB 6,5"" LCD 2400x1080 5000mAh Hybrid Dual SIM 5G Midnight Blue",999.0,6.5,8.0,256.0,50.0,16.0,181.0
62,"Smartfon Motorola Moto G73 8/256GB 6,5"" LCD 2400x1080 5000mAh Dual SIM 5G Lucent White",999.0,6.5,8.0,256.0,50.0,16.0,181.0
63,Motorola Moto G32 8/256GB Mineral Grey,799.0,6.5,8.0,256.0,50.0,16.0,184.0
64,"Smartfon Samsung Galaxy A54 (A546B) 8/128GB 6,4"" SAMOLED 1080x2340 5000mAh Hybrid Dual SIM 5G Awesome Graphite",1677.0,6.4,8.0,128.0,50.0,32.0,202.0
65,"Smartfon Samsung Galaxy A54 (A546B) 8/128GB 6,4"" SAMOLED 1080x2340 5000mAh Hybrid Dual SIM 5G Violet",1678.0,6.4,8.0,128.0,50.0,32.0,202.0
66,"Smartfon Samsung Galaxy A54 (A546B) 8/128GB 6,4"" SAMOLED 1080x2340 5000mAh Hybrid Dual SIM 5G Lime",1715.0,6.4,8.0,128.0,50.0,32.0,202.0
67,"Smartfon Samsung Galaxy A54 (A546B) 8/128GB 6,4"" SAMOLED 1080x2340 5000mAh Dual SIM 5G Awesome White",1739.0,6.4,8.0,128.0,50.0,32.0,202.0
68,Smartfon Xiaomi Mi 11 lite 5G 6/128GB Czarny,1359.0,6.55,6.0,128.0,64.0,20.0,158.0
69,Smartfon Xiaomi Redmi Note 12 Pro 5G 8/256GB Biały,1299.0,6.67,8.0,256.0,50.0,16.0,187.0
70,Smartfon Xiaomi Redmi Note 12 Pro 5G 8/256GB Niebieski,1299.0,6.67,8.0,256.0,50.0,16.0,187.0
71,Smartfon Xiaomi Redmi Note 12 Pro 5G 8/256GB Czarny,1299.0,6.67,8.0,256.0,50.0,16.0,187.0
72,Smartfon Xiaomi 11T 5G 8/128GB Szary,1399.0,6.67,8.0,128.0,108.0,16.0,203.0
73,Smartfon Xiaomi Mi 11T 5G 8/128GB Niebieski,1399.0,6.67,8.0,128.0,108.0,16.0,203.0
74,"Smartfon Samsung Galaxy S22 Ultra (S908) 8/128GB 6,8"" Dynamic AMOLED 2X 3088x1440 5000mAh Dual SIM 5G czarny",4099.0,6.8,8.0,128.0,108.0,40.0,228.0
75,"Smartfon Samsung Galaxy S22 Ultra (S908) 8/128GB 6,8"" Dynamic AMOLED 2X 3088x1440 5000mAh Dual SIM 5G burgundowy",4199.0,6.8,8.0,128.0,108.0,40.0,228.0
76,Smartfon Xiaomi Redmi Note 12 8/256GB Zielony,839.0,6.67,8.0,256.0,50.0,13.0,183.5
77,Smartfon Xiaomi 13 Pro 5G 12/512GB Czarny,5349.0,6.73,12.0,512.0,50.0,32.0,229.0
78,Smartfon realme GT 5G 8/128GB Srebrny,1559.0,6.43,8.0,128.0,64.0,16.0,186.0
79,Smartfon Xiaomi Redmi Note 12 8/256GB Szary,839.0,6.67,8.0,256.0,48.0,13.0,183.5
80,Smartfon Xiaomi Redmi Note 12 8/256GB Niebieski,839.0,6.67,8.0,256.0,48.0,13.0,183.5
81,Smartfon Xiaomi 13T 5G 8/256GB Niebieski,2459.0,6.67,8.0,256.0,50.0,20.0,206.0
82,Smartfon Xiaomi 13T 5G 8/256GB Czarny,2459.0,6.67,8.0,256.0,50.0,20.0,206.0
83,"Smartfon Samsung Galaxy S23 Ultra (S918) 12/512GB 6,8"" Dynamic AMOLED 2X 3088x144 5000mAh Dual SIM 5G Black",5399.0,6.8,12.0,512.0,200.0,12.0,233.0
84,Smartfon Xiaomi Redmi Note 12 Pro 6/128GB Szary,999.0,6.67,6.0,128.0,108.0,16.0,201.8
85,Smartfon Xiaomi Redmi Note 11 Pro 6/64GB Błękitny,999.0,6.67,6.0,128.0,108.0,16.0,202.0
86,Smartfon Xiaomi Redmi Note 11 Pro 5G 6/128GB Szary,1059.0,6.67,6.0,128.0,108.0,16.0,202.0
87,Smartfon Xiaomi Redmi Note 11 Pro 5G 6/128GB Niebieski,1059.0,6.67,6.0,128.0,108.0,16.0,202.0
88,"Smartfon Motorola Moto G23 8/128GB 6,5"" IPS 1600x720 5000mAh Dual SIM 4G Steel Blue",699.0,6.5,8.0,128.0,50.0,16.0,184.25
89,"Smartfon Motorola Moto G23 8/128GB 6,5"" IPS 1600x720 5000mAh Dual SIM 4G Pearl White",699.0,6.5,8.0,128.0,50.0,16.0,184.25
90,"Smartfon Motorola Moto G23 8/128GB 6,5"" IPS 1600x720 5000mAh Dual SIM 4G Matte Charcoal",699.0,6.5,8.0,128.0,50.0,16.0,184.25
91,"Smartfon Samsung Galaxy S23 Ultra (S918) 12/512GB 6,8"" Dynamic AMOLED 2X 3088x1440 5000mAh Dual SIM 5G Lavender",5588.0,6.8,12.0,512.0,200.0,12.0,233.0
92,"Smartfon Samsung Galaxy S23+ (S916) 8/512GB 6,6"" OLED 2340x1080 4700mAh Dual SIM 5G Beige",4498.0,6.6,8.0,512.0,50.0,12.0,195.0
93,"Smartfon Samsung Galaxy S23+ (S916) 8/512GB 6,6"" Dynamic AMOLED 2X 2340x1080 4700mAh Dual SIM 5G Green",4544.0,6.6,8.0,512.0,50.0,12.0,195.0
94,"Smartfon Samsung Galaxy S23 Ultra (S918) 12/512GB 6,8"" Dynamic AMOLED 2X 3088x1440 5000mAh Dual SIM 5G Green",5699.0,6.8,12.0,512.0,200.0,12.0,233.0
95,"Smartfon Samsung Galaxy S23+ (S916) 8/512GB 6,6"" Dynamic AMOLED 2X 2340x1080 4700mAh Dual SIM 5G Light Pink",4599.0,6.6,8.0,512.0,50.0,12.0,195.0
96,"Smartfon Samsung Galaxy S23+ (S916) 8/512GB 6,6"" Dynamic AMOLED 2X 2340x1080 4700mAh Dual SIM 5G Phantom Black",4599.0,6.6,8.0,512.0,50.0,12.0,195.0
97,"Smartfon Samsung Galaxy S23 Ultra (S918) 12/512GB 6,8"" Dynamic AMOLED 2X 3088x1440 5000mAh Dual SIM 5G Cream",5788.0,6.8,12.0,512.0,200.0,12.0,233.0
98,"Smartfon Samsung Galaxy A34 (A346B) 8/256GB 6,6"" SAMOLED 1080x2408 5000mAh Dual SIM 5G Lime",1459.0,6.6,8.0,256.0,48.0,13.0,199.0
99,"Smartfon Samsung Galaxy A34 (A346B) 8/256GB 6,6"" SAMOLED 1080x2408 5000mAh Hybrid Dual SIM 5G Silver",1466.0,6.6,8.0,256.0,48.0,13.0,199.0
100,"Smartfon Samsung Galaxy A34 (A346B) 8/256GB 6,6"" SAMOLED 1080x2408 5000mAh Hybrid Dual SIM 5G Light Violet",1477.0,6.6,8.0,256.0,48.0,13.0,199.0
101,Smartfon Xiaomi Redmi Note 10 Pro 6/64GB Brązowy,889.0,6.67,6.0,64.0,108.0,16.0,193.0
102,Smartfon Xiaomi Redmi Note 10 Pro 6/64GB Błękitny,889.0,6.67,6.0,64.0,108.0,16.0,193.0
103,"Smartfon Motorola Moto G52 4/256GB 6,6"" AMOLED 2400x1080 5000mAh Hybrid Dual SIM 4G Glacier Blue",799.0,6.6,4.0,256.0,50.0,16.0,169.0
104,"Smartfon Motorola Moto G52 4/256GB 6,6"" AMOLED 2400x1080 5000mAh Hybrid Dual SIM 4G Charcoal Grey",799.0,6.6,4.0,256.0,50.0,16.0,169.0
105,"Smartfon Samsung Galaxy S21 FE (G990) 6/128GB 6,4"" Dynamic AMOLED 2X 2340x1080 4500mAh Dual SIM 5G Grey",2085.0,6.4,6.0,128.0,12.0,32.0,177.0
106,"Smartfon Samsung Galaxy S21 FE (G990) 6/128GB 6,4"" Dynamic AMOLED 2X 2340x1080 4500mAh 5G Light Green",2087.0,6.4,6.0,128.0,12.0,32.0,177.0
107,"Smartfon Samsung Galaxy S21 FE (G990) 6/128GB 6,4"" Dynamic AMOLED 2X 2340x1080 4500mAh 5G Light Violet",2099.0,6.4,6.0,128.0,12.0,32.0,177.0
108,"Smartfon Samsung Galaxy S21 FE (G990) 6/128GB 6,4"" Dynamic AMOLED 2X 2340x1080 4500mAh Dual SIM 5G Light Violet",2165.0,6.4,6.0,128.0,12.0,32.0,177.0
109,"Smartfon Samsung Galaxy S21 FE (G990) 6/128GB 6,4"" Dynamic AMOLED 2X 2400x1080 Dual SIM 5G Olive",2179.0,6.4,6.0,128.0,12.0,32.0,177.0
110,"Smartfon Samsung Galaxy S21 FE (G990) 6/128GB 6,4"" Dynamic AMOLED 2X 2340x1080 4500mAh Dual SIM 5G White",2188.0,6.4,6.0,128.0,12.0,32.0,177.0
111,"Smartfon Motorola G82 6/128GB 6,6"" AMOLED 2400x1080 5000mAh Hybrid Dual SIM 5G White Lily",999.0,6.6,6.0,128.0,50.0,16.0,173.0
112,"Smartfon Motorola G82 6/128GB 6,6"" AMOLED 2400x1080 5000mAh Hybrid Dual SIM 5G Meteorite Grey",999.0,6.6,6.0,128.0,50.0,16.0,173.0
113,"Smartfon Samsung Galaxy S23 (S911) 8/256GB 6,1"" OLED 2340x1080 3900mAh Dual SIM 5G Cream",3598.0,6.1,8.0,256.0,50.0,12.0,168.0
114,"Smartfon Samsung Galaxy S23 (S911) 8/256GB 6,1"" Dynamic AMOLED 2X 2340x1080 3900mAh Dual SIM 5G Green",3645.0,6.1,8.0,256.0,50.0,12.0,168.0
115,"Smartfon Samsung Galaxy S23 (S911) 8/256GB 6,1"" OLED 2340x1080 3900mAh Dual SIM 5G Black",3695.0,6.1,8.0,256.0,50.0,12.0,168.0
116,"Smartfon Samsung Galaxy S23 (S911) 8/256GB 6,1"" Dynamic AMOLED 2X 2340x1080 3900mAh Dual SIM 5G Lavender",3698.0,6.1,8.0,256.0,50.0,12.0,168.0
117,"Smartfon Samsung Galaxy S22 (S901) 8/256GB 6,1"" Dynamic AMOLED 2X 2340x1080 3700mAh Dual SIM 5G różowy",2799.0,6.1,8.0,256.0,50.0,10.0,167.0
118,"Smartfon Samsung Galaxy S22 (S901) 8/256GB 6,1"" Dynamic AMOLED 2X 2340x1080 3700mAh Dual SIM 5G czarny",2866.0,6.1,8.0,256.0,50.0,10.0,167.0
119,"Smartfon Samsung Galaxy S22 (S901) 8/256GB 6,1"" Dynamic AMOLED 2X 2340x1080 3700mAh Dual SIM 5G Black",2899.0,6.1,8.0,256.0,50.0,10.0,167.0
120,"Smartfon Samsung Galaxy S22 (S901) 8/256GB 6,1"" Dynamic AMOLED 2X 2340x1080 3700mAh Dual SIM 5G zielony",2899.0,6.1,8.0,256.0,50.0,10.0,167.0
121,"Smartfon Samsung Galaxy S20 FE (G780) 6/128GB 6.5"" SAMOLED 2400x1080 4500mAh Dual SIM 4G White",1799.0,6.5,6.0,128.0,12.0,32.0,190.0
122,"Smartfon Motorola Moto G32 6/128GB 6,5"" LCD 2400x1080 5000mAh Dual SIM 4G Grey",649.0,6.5,6.0,128.0,50.0,16.0,184.0
123,"Smartfon Samsung Galaxy S22 (S901) 8/256GB 6,1"" Dynamic AMOLED 2X 2340x1080 3700mAh Dual SIM 5G biały",3045.0,6.1,8.0,256.0,50.0,10.0,167.0
124,"Smartfon Samsung Galaxy S22 (S901) 8/256GB 6,1""Dynamic AMOLED 2X 2340x1080 3700mAh Dual SIM 5G Lawendowy",3055.0,6.1,8.0,256.0,50.0,10.0,167.0
125,"Smartfon Motorola Razr 40 Ultra 8/256GB 6,9"" P-OLED 2640x1080 3800mAh Dual SIM 5G Viva Magenta",4988.0,6.9,8.0,256.0,12.0,32.0,188.0
126,"Smartfon Samsung Galaxy S23+ (S916) 8/256GB 6,6"" Dynamic AMOLED 2X 2340x1080 4700mAh Dual SIM 5G Black",4189.0,6.6,8.0,256.0,50.0,12.0,195.0
127,"Smartfon Samsung Galaxy S23+ (S916) 8/256GB 6,6"" Dynamic AMOLED 2X 2340x1080 4700mAh Dual SIM 5G Green",4288.0,6.6,8.0,256.0,50.0,12.0,195.0
128,"Smartfon Samsung Galaxy S23+ (S916) 8/256GB 6,6"" Dynamic AMOLED 2X 2340x1080 4700mAh Dual SIM 5G Light Pink",4299.0,6.6,8.0,256.0,50.0,12.0,195.0
129,"Smartfon Samsung Galaxy S23 Ultra (S918) 8/256GB 6,8"" Dynamic AMOLED 2X 3088x1440 5000mAh Dual SIM 5G Phantom Black",4788.0,6.8,8.0,256.0,200.0,12.0,233.0
130,"Smartfon Samsung Galaxy S23 Ultra (S918) 8/256GB 6,8"" Dynamic AMOLED 2X 3088x1440 5000mAh Dual SIM 5G Green",4855.0,6.8,8.0,256.0,200.0,12.0,233.0
131,Smartfon Xiaomi Redmi Note 12 Pro 5G 6/128GB Czarny,1159.0,6.67,6.0,128.0,50.0,16.0,187.0
132,"Smartfon Samsung Galaxy S23 Ultra (S918) 8/256GB 6,8"" Dynamic AMOLED 2X 3088x1440 5000mAh Dual SIM 5G Lavender",4888.0,6.8,8.0,256.0,200.0,12.0,233.0
133,"Smartfon Samsung Galaxy S23 Ultra (S918) 8/256GB 6,8"" OLED 3088x1440 5000mAh Dual SIM 5G Cream",4899.0,6.8,8.0,256.0,200.0,12.0,233.0
134,"Smartfon Motorola Moto G52 4/128GB 6,6"" AMOLED 2400x1080 5000mAh Hybrid Dual SIM 4G Charcoal Grey",699.0,6.6,4.0,128.0,50.0,16.0,169.0
135,"Smartfon Samsung Galaxy S23 (S911) 8/128GB 6,1"" Dynamic AMOLED 2X 2340x1080 3900mAh Dual SIM 5G Lavender",3177.0,6.1,8.0,128.0,50.0,12.0,168.0
136,"Smartfon Samsung Galaxy S23 (S911) 8/128GB 6,1"" Dynamic AMOLED 2X 2340x1080 3900mAh Dual SIM 5G Green",3177.0,6.1,8.0,128.0,50.0,12.0,168.0
137,"Smartfon Samsung Galaxy S23 (S911) 8/128GB 6,1"" Dynamic AMOLED 2X 2340x1080 3900mAh Dual SIM 5G Cream",3199.0,6.1,8.0,128.0,50.0,12.0,168.0
138,"Smartfon Samsung Galaxy S23 (S911) 8/128GB 6,1"" Dynamic AMOLED 2X 2340x1080 3900mAh Dual SIM 5G Phantom Black",3255.0,6.1,8.0,128.0,50.0,12.0,168.0
139,"Smartfon Samsung Galaxy Z Flip 5 (F731B) 8/512GB 6,7"" OLED 2640x1080 3700mAh Dual SIM 5G Graphite",3699.0,6.7,8.0,512.0,12.0,10.0,187.0
140,"Smartfon Samsung Galaxy Z Flip 5 (F731B) 8/512GB 6,7"" OLED 2640x1080 3700mAh Dual SIM 5G Cream",3899.0,6.7,8.0,512.0,12.0,10.0,187.0
141,Smartfon Xiaomi POCO X5 5G 6/128GB Czarny,959.0,6.67,6.0,128.0,48.0,13.0,189.0
142,Smartfon Xiaomi POCO X5 5G 6/128GB Zielony,959.0,6.67,6.0,128.0,48.0,13.0,189.0
143,"Smartfon Samsung Galaxy S22 (S901) 8/128GB 6,1"" Dynamic AMOLED 2X 2340x1080 3700mAh Dual SIM 5G czarny",2577.0,6.1,8.0,128.0,50.0,10.0,167.0
144,"Smartfon Samsung Galaxy S22 (S901) 8/128GB 6,1"" Dynamic AMOLED 2X 2340x1080 3700mAh Dual SIM 5G biały",2579.0,6.1,8.0,128.0,50.0,10.0,167.0
145,Smartfon Xiaomi Redmi Note 11S 5G 6/128GB Czarny,899.0,6.6,6.0,128.0,50.0,13.0,195.0
146,"Smartfon Samsung Galaxy S22 (S901) 8/128GB 6,1"" Dynamic AMOLED 2X 2340x1080 3700mAh Dual SIM 5G zielony",2595.0,6.1,8.0,128.0,50.0,10.0,167.0
147,Smartfon realme 9 5G 4/128GB Czarny,759.0,6.5,4.0,128.0,48.0,16.0,188.0
148,Apple iPhone 15 256GB Blue,4898.0,6.1,6.0,256.0,48.0,12.0,171.0
149,Apple iPhone 15 256GB Green,4898.0,6.1,6.0,256.0,48.0,12.0,171.0
150,"Smartfon Samsung Galaxy A34 (A346B) 6/128GB 6,6"" SAMOLED 1080x2408 5000mAh Hybrid Dual SIM 5G Awesome Graphite",1288.0,6.6,6.0,128.0,48.0,13.0,199.0
151,"Smartfon Samsung Galaxy A34 (A346B) 6/128GB 6,6"" SAMOLED 1080x2408 5000mAh Hybrid Dual SIM 5G Awesome Violet",1299.0,6.6,6.0,128.0,48.0,13.0,199.0
152,"Smartfon Samsung Galaxy A34 (A346B) 6/128GB 6,6"" SAMOLED 1080x2408 5000mAh Hybrid Dual SIM 5G Awesome Lime",1299.0,6.6,6.0,128.0,48.0,13.0,199.0
153,"Smartfon Samsung Galaxy A34 (A346B) 6/128GB 6,6"" SAMOLED 1080x2408 5000mAh Hybrid Dual SIM 5G Awesome Silver",1325.0,6.6,6.0,128.0,48.0,13.0,199.0
154,"Smartfon Motorola Moto G42 4/64GB 6,4"" OLED 2400x1080 5000mAh Dual SIM Atlantic Green",569.0,6.4,4.0,64.0,50.0,16.0,174.5
155,Smartfon Samsung Galaxy M34 (M346) DS 6/128GB 5G Silver,1399.0,6.5,6.0,128.0,50.0,13.0,208.0
156,Smartfon Samsung Galaxy M34 (M346) DS 6/128GB 5G Navy Blue,1399.0,6.5,6.0,128.0,50.0,13.0,208.0
157,Smartfon Samsung Galaxy M34 (M346) DS 6/128GB 5G Blue,1399.0,6.5,6.0,128.0,50.0,13.0,208.0
158,"Smartfon Samsung Galaxy Z Flip 4 (F721) 8/256GB 6,7"" Dynamic AMOLED 2X 2640x1080 3700mAh Dual SIM 5G Graphite",3299.0,6.7,8.0,256.0,12.0,10.0,187.0
159,"Smartfon Samsung Galaxy Z Flip 5 (F731B) 8/256GB 6,7"" OLED 2640x1080 Dual SIM 5G Graphite",3549.0,6.7,8.0,256.0,12.0,10.0,187.0
160,"Smartfon Motorola Moto G32 4/64GB 6,5"" LCD 2400x1080 5000mAh Dual SIM 4G Mineral Grey",555.0,6.5,4.0,64.0,50.0,16.0,184.0
161,"Smartfon Samsung Galaxy Z Flip 5 (F731B) 8/256GB 6,7"" OLED 2640x1080 3700mAh Dual SIM 5G Cream",3625.0,6.7,8.0,256.0,12.0,10.0,187.0
162,"Smartfon Samsung Galaxy Z Flip 5 (F731B) 8/256GB 6,7"" OLED 2640x1080 3700mAh Dual SIM 5G Mint",3755.0,6.7,8.0,256.0,12.0,10.0,187.0
163,Smartfon Xiaomi Redmi Note 12 5G 4/128GB Szary,899.0,6.67,4.0,128.0,48.0,13.0,189.0
164,Smartfon Xiaomi Redmi Note 11S 5G 4/128GB Czarny,799.0,6.6,4.0,128.0,50.0,13.0,195.0
165,Smartfon realme 9i 4/64GB Niebieski,599.0,6.6,4.0,64.0,50.0,16.0,190.0
166,Apple iPhone 15 128GB Black,4398.0,6.1,6.0,128.0,48.0,12.0,171.0
167,Apple iPhone 15 128GB Blue,4398.0,6.1,6.0,128.0,48.0,12.0,171.0
168,Apple iPhone 15 128GB Pink,4398.0,6.1,6.0,128.0,48.0,12.0,171.0
169,Apple iPhone 15 128GB Green,4398.0,6.1,6.0,128.0,48.0,12.0,171.0
170,Smartfon Motorola Moto G31 4/64GB DS. Mineral Grey,699.0,6.4,4.0,64.0,50.0,13.0,181.0
171,Smartfon Xiaomi Redmi 10 2022 4/128GB Biały,549.0,6.5,4.0,128.0,50.0,8.0,181.0
172,"Smartfon Motorola Moto G53 4/128GB 6,5"" LCD 1600x720 5000mAh Dual SIM 5G Ink Blue",569.0,6.5,4.0,128.0,50.0,8.0,183.0
173,"Smartfon Motorola Moto G53 4/128GB 6,5"" LCD 1600x720 5000mAh Dual SIM 5G Pale Pink",569.0,6.5,4.0,128.0,50.0,8.0,183.0
174,"Smartfon Motorola Moto G53 4/128GB 6,5"" LCD 1600x720 5000mAh Dual SIM 5G Arctic Silver",569.0,6.5,4.0,128.0,50.0,8.0,183.0
175,"Smartfon Motorola Moto G13 4/128GB 6,5"" IPS 1600x720 5000mAh Dual SIM 4G Matte Charcoal",499.0,6.5,4.0,128.0,50.0,8.0,183.45
176,"Smartfon Motorola Moto G13 4/128GB 6,5"" IPS 1600x720 5000mAh Dual SIM 4G Lavender Blue",499.0,6.5,4.0,128.0,50.0,8.0,183.45
177,"Smartfon Samsung Galaxy A14 (A145R) 4/128GB 6,6"" PLS 1080x2408 5000mAh Dual SIM 4G Black",688.0,6.6,4.0,128.0,50.0,13.0,201.0
178,"Smartfon Samsung Galaxy A14 (A145R) 4/128GB 6,6"" PLS 1080x2408 5000mAh Dual SIM 4G Aurora Silver",695.0,6.6,4.0,128.0,50.0,13.0,201.0
179,"Smartfon Samsung Galaxy A14 A145 4/128GB 6,6"" PLS 1080x2408 5000mAh LTE Light Green",695.0,6.6,4.0,128.0,50.0,13.0,201.0
180,"Smartfon Samsung Galaxy A14 (A145R) 4/128GB 6,6"" PLS 1080x2408 5000mAh Dual SIM 4G Green",719.0,6.6,4.0,128.0,50.0,13.0,201.0
181,Apple iPhone 15 Pro 512GB Titan Blue,7599.0,6.1,6.0,512.0,48.0,12.0,187.0
182,"Smartfon Samsung Galaxy A14 (A146P) 4/128GB 6,6"" PLS 1080x2408 5000mAh Dual SIM 5G Silver",877.0,6.6,4.0,128.0,50.0,13.0,205.0
183,"Smartfon Samsung Galaxy A14 (A146P) 4/128GB 6,6"" PLS 1080x2408 5000mAh Dual SIM 5G Black",877.0,6.6,4.0,128.0,50.0,13.0,205.0
184,Apple iPhone 15 Pro 256GB Black,6549.0,6.1,6.0,256.0,48.0,12.0,187.0
185,Apple iPhone 15 Pro 256GB Blue Titanium,6549.0,6.1,6.0,256.0,48.0,12.0,187.0
186,Apple iPhone 15 Pro 256GB Natural,6849.0,6.1,6.0,256.0,48.0,12.0,187.0
187,Apple iPhone 15 Plus 128GB Black,5099.0,6.7,6.0,128.0,48.0,12.0,201.0
188,Apple iPhone 15 Plus 128GB Green,5099.0,6.7,6.0,128.0,48.0,12.0,201.0
189,Smartfon Xiaomi Redmi 10 2022 4/64GB Niebieski,529.0,6.5,4.0,64.0,50.0,8.0,181.0
190,Smartfon Xiaomi Redmi 10 2022 4/64GB Szary,529.0,6.5,4.0,64.0,50.0,8.0,181.0
191,"Smartfon Samsung Galaxy A23 (A236) 4/128GB 6,6"" PLS 1080x2408 5000mAh Hybrid Dual SIM 5G Blue",1045.0,6.6,4.0,128.0,50.0,8.0,197.0
192,Apple iPhone 15 Pro 512GB Titan Black,8199.0,6.1,6.0,512.0,48.0,12.0,187.0
193,"Smartfon Samsung Galaxy A14 (A145R) 4/64GB 6,6"" PLS 1080x2408 5000mAh Dual SIM 4G Green",625.0,6.6,4.0,64.0,50.0,13.0,201.0
194,"Smartfon Samsung Galaxy A14 (A145R) 4/64GB 6,6"" PLS 1080x2408 5000mAh Dual SIM 4G Black",625.0,6.6,4.0,64.0,50.0,13.0,201.0
195,"Smartfon Samsung Galaxy A14 (A145R) 4/64GB 6,6"" PLS 1080x2408 5000mAh Dual SIM 4G Aurora Silver",625.0,6.6,4.0,64.0,50.0,13.0,201.0
196,Apple iPhone 14 Pro 256GB Space Black,5679.0,6.1,6.0,256.0,48.0,12.0,206.0
197,Apple iPhone 14 Pro 256GB Deep Purple,5779.0,6.1,6.0,256.0,48.0,12.0,206.0
198,"Smartfon Samsung Galaxy A14 (A146P) 4/64GB 6,6"" PLS 1080x2408 5000mAh Dual SIM 5G Green",809.0,6.6,4.0,64.0,50.0,13.0,205.0
199,"Smartfon Samsung Galaxy A14 (A146P) 4/64GB 6,6"" PLS 1080x2408 5000mAh Dual SIM 5G Silver",849.0,6.6,4.0,64.0,50.0,13.0,205.0
200,"Smartfon Samsung Galaxy A14 (A146P) 4/64GB 6,6"" PLS 1080x2408 5000mAh Dual SIM 5G Black",855.0,6.6,4.0,64.0,50.0,13.0,205.0
201,Apple iPhone 13 128GB Midnight,3179.0,6.1,6.0,128.0,12.0,12.0,174.0
202,Apple iPhone 13 128GB (PRODUCT)RED,3179.0,6.1,6.0,128.0,12.0,12.0,174.0
203,Apple iPhone 13 128GB Pink,3179.0,6.1,6.0,128.0,12.0,12.0,174.0
204,Apple iPhone 13 128GB Starlight,3179.0,6.1,6.0,128.0,12.0,12.0,174.0
205,Apple iPhone 13 128GB Blue,3179.0,6.1,6.0,128.0,12.0,12.0,174.0
206,Apple iPhone 15 Pro 128GB Natural Titanium,5939.0,6.1,6.0,128.0,48.0,12.0,187.0
207,Apple iPhone 15 Pro 128GB Black Titanium,5939.0,6.1,6.0,128.0,48.0,12.0,187.0
208,Apple iPhone 15 Pro 128GB Blue Titanium,5939.0,6.1,6.0,128.0,48.0,12.0,187.0
209,Apple iPhone 14 128GB Midnight,3599.0,6.1,6.0,128.0,12.0,12.0,172.0
210,Apple iPhone 14 128GB Blue,3599.0,6.1,6.0,128.0,12.0,12.0,172.0
211,Apple iPhone 14 128GB Starlight,3599.0,6.1,6.0,128.0,12.0,12.0,172.0
212,Apple iPhone 14 128GB Yellow,3599.0,6.1,6.0,128.0,12.0,12.0,172.0
213,Apple iPhone 14 128GB Purple,3599.0,6.1,6.0,128.0,12.0,12.0,172.0
214,Apple iPhone 14 128GB (PRODUCT)RED,3599.0,6.1,6.0,128.0,12.0,12.0,172.0
215,"Smartfon Samsung Galaxy M13 (M135) 4/64GB 6,6"" PLS 1080x2408 5000mAh Dual SIM 4G Niebieski",639.0,6.6,4.0,64.0,50.0,8.0,192.0
216,"Smartfon Samsung Galaxy M13 (M135) 4/64GB 6,6"" PLS 1080x2408 5000mAh Dual SIM 4G Orange",644.0,6.6,4.0,64.0,50.0,8.0,192.0
217,"Smartfon Samsung Galaxy Xcover 6 Pro (G736) Enterprise Edition 6/128GB 6,6"" PLS 2408x1080 4050mAh Dual SIM 5G Black",1969.0,6.6,6.0,128.0,50.0,13.0,235.0
218,Apple iPhone 11 Pro 256GB Space Gray REMADE 2Y,2479.0,5.8,6.0,256.0,12.0,12.0,188.0
219,Apple iPhone 11 Pro 256GB Gold REMADE 2Y,2479.0,5.8,6.0,256.0,12.0,12.0,188.0
220,"Smartfon Samsung Galaxy A23 (A236) 4/64GB 6,6"" PLS 1080x2408 5000mAh Hybrid Dual SIM 5G Black",966.0,6.6,4.0,64.0,50.0,8.0,197.0
221,"Smartfon Samsung Galaxy A23 (A236) 4/64GB 6,6"" PLS 1080x2408 5000mAh Hybrid Dual SIM 5G Blue",966.0,6.6,4.0,64.0,50.0,8.0,197.0
222,"Smartfon Samsung Galaxy A23 (A236) 4/64GB 6,6"" PLS 1080x2408 5000mAh Hybrid Dual SIM 5G White",966.0,6.6,4.0,64.0,50.0,8.0,197.0
223,"Smartfon Motorola Moto E40 4/64GB 6,5"" IPS 1600x720 5000mAh Hybrid Dual SIM 4G Carbon Grey",555.0,6.5,4.0,64.0,48.0,8.0,198.0
224,Apple iPhone 11 128GB White,2549.0,6.1,6.0,128.0,12.0,12.0,194.0
225,Apple iPhone 11 128GB Black,2579.0,6.1,6.0,128.0,12.0,12.0,194.0
226,Apple iPhone 14 Plus 128GB Midnight,4149.0,6.7,6.0,128.0,12.0,12.0,203.0
227,Apple iPhone 14 Plus 128GB Blue,4149.0,6.7,6.0,128.0,12.0,12.0,203.0
228,Apple iPhone 14 Plus 128GB Purple,4149.0,6.7,6.0,128.0,12.0,12.0,203.0
229,Apple iPhone 15 Pro Max 512GB Blue,8349.0,6.7,6.0,512.0,48.0,12.0,221.0
230,Apple iPhone 15 Pro Max 256GB Titanium Blue,7349.0,6.7,6.0,256.0,48.0,12.0,221.0
231,Apple iPhone 15 Pro Max 512GB Black Titanium,8499.0,6.7,6.0,512.0,48.0,12.0,221.0
232,Smartfon Xiaomi POCO M5 4/64GB Żółty,549.0,6.58,4.0,64.0,50.0,5.0,201.0
233,Smartfon Xiaomi POCO M4 5G 4/64GB Niebieski,659.0,6.58,4.0,64.0,50.0,5.0,201.0
234,Apple iPhone 15 Pro Max 256GB Natural Titanium,7449.0,6.7,6.0,256.0,48.0,12.0,221.0
235,Apple iPhone 15 Pro Max 256GB White Titanium,7449.0,6.7,6.0,256.0,48.0,12.0,221.0
236,Apple iPhone 15 Pro Max 256GB Black,7449.0,6.7,6.0,256.0,48.0,12.0,221.0
237,Apple iPhone 11 64GB White,2189.0,6.1,6.0,64.0,12.0,12.0,194.0
238,Apple iPhone 12 64GB Red,2649.0,6.1,6.0,64.0,12.0,6.0,164.0
239,Apple iPhone 12 64GB Green,2699.0,6.1,6.0,64.0,12.0,6.0,164.0
240,Smartfon Xiaomi Redmi 10C 3/64GB Szary,399.0,6.71,3.0,64.0,50.0,5.0,190.0
241,"Smartfon Samsung Galaxy A04s (A047) 3/32GB 6,5"" PLS 1600x720 5000 mAh Dual SIM LTE Green",533.0,6.5,3.0,32.0,50.0,5.0,195.0
242,"Smartfon Samsung Galaxy A04s (A047) 3/32GB 6,5"" PLS 1600x720 5000 mAh Dual SIM LTE Black",539.0,6.5,3.0,32.0,50.0,5.0,195.0
243,"Smartfon Samsung Galaxy A04s (A047) 3/32GB 6,5"" PLS 1600x720 5000 mAh Dual SIM LTE White",544.0,6.5,3.0,32.0,50.0,5.0,195.0
244,Apple iPhone 14 Pro Max 256GB Gold,6329.0,6.7,6.0,256.0,48.0,12.0,240.0
245,Apple iPhone X 64GB Silver REMADE 2Y,1229.0,5.8,6.0,64.0,12.0,7.0,174.0
246,Apple iPhone X 64GB Space Gray REMADE 2Y,1229.0,5.8,6.0,64.0,12.0,7.0,174.0
247,Apple iPhone 14 Pro Max 128GB Space Black,5699.0,6.7,6.0,128.0,48.0,12.0,240.0
248,Smartfon realme C30 3/32GB Niebieski,349.0,6.5,3.0,32.0,8.0,5.0,182.0
249,Smartfon realme C30 3/32GB Zielony,349.0,6.5,3.0,32.0,8.0,5.0,182.0
250,Smartfon realme C31 3/32GB Zielony,439.0,6.5,3.0,32.0,13.0,5.0,197.0
251,Smartfon realme C21Y 3/32GB Czarny,459.0,6.5,3.0,32.0,13.0,5.0,200.0
252,"Smartfon Motorola Moto E20 2/32GB 6,5"" IPS 1600x720 4000mAh Dual SIM 4G Graphite Gray",349.0,6.5,2.0,32.0,13.0,5.0,184.0
253,Apple iPhone 15 Pro 1TB Blue Titanium,8899.0,6.1,6.0,6.0,48.0,12.0,187.0
254,"Smartfon Samsung Galaxy Z Fold 5 (F946B) 12/512GB 7,6"" OLED 2176x1812 4400mAh Dual SIM 5G Phantom Black",6179.0,7.6,12.0,512.0,50.0,10.0,253.0
255,"Smartfon Samsung Galaxy Z Fold 5 (F946B) 12/512GB 7,6"" OLED 2176x1812 4400mAh Dual SIM 5G Cream",6199.0,7.6,12.0,512.0,50.0,10.0,253.0
256,"Smartfon Samsung Galaxy Z Fold 5 (F946B) 12/512GB 7,6"" OLED 2176x1812 4400mAh Dual SIM 5G Icy Blue",6199.0,7.6,12.0,512.0,50.0,10.0,253.0
257,Smartfon Xiaomi Redmi 10A 2/32GB Szary,379.0,6.53,2.0,32.0,13.0,5.0,194.0
258,Smartfon Xiaomi Redmi 10A 2/32GB Niebieski,379.0,6.53,2.0,32.0,13.0,5.0,194.0
259,Smartfon Xiaomi Redmi 9A 2/32GB Szary,329.0,6.53,2.0,32.0,13.0,5.0,196.0
260,Smartfon Xiaomi Redmi 9AT 2/32GB Szary,349.0,6.53,2.0,32.0,13.0,5.0,196.0
261,"Smartfon Samsung Galaxy Z Fold 4 (F936) 12/512GB 7,6"" Dynamic AMOLED 2X 2176x1812 / 2316x904 4400mAh 5G Black",5345.0,7.6,12.0,512.0,50.0,10.0,263.0
262,"Smartfon Samsung Galaxy Z Fold 4 (F936) 12/512GB 7,6"" Dynamic AMOLED 2X 2176x1812 / 2316x904 4400mAh 5G Green",5499.0,7.6,12.0,512.0,50.0,10.0,263.0
263,"Smartfon Samsung Galaxy Z Fold 5 (F946B) 12/256GB 7,6"" OLED 2176x1812 4400mAh Dual SIM 5G Icy Blue",5899.0,7.6,12.0,256.0,50.0,10.0,253.0
264,"Smartfon Samsung Galaxy Z Fold 5 (F946B) 12/256GB 7,6"" OLED 2176x1812 4400mAh Dual SIM 5G Phantom Black",5899.0,7.6,12.0,256.0,50.0,10.0,253.0
265,"Smartfon Samsung Galaxy Xcover 5 (G525F) Enterprise Edition 4/64GB 5,3"" PLS 1480x720 3000mAh Dual SIM 4G Black",977.0,5.3,4.0,64.0,16.0,5.0,172.0
266,Apple iPhone SE 64GB 2022 (PRODUCT)RED,2329.0,4.7,6.0,64.0,12.0,7.0,144.0
267,Apple iPhone SE 64GB 2022 Starlight,2399.0,4.7,6.0,64.0,12.0,7.0,144.0
