name,price,screen_size,ram,memory,rear_camera,front_camera,weight
"Smartfon Samsung Galaxy A54 (A546B) 8/128GB 6,4"" SAMOLED 1080x2340 5000mAh Hybrid Dual SIM 5G Awesome Graphite","1677,00zł","6,4""",8GB,128GB,50Mpix,32Mpix,202g
"Smartfon Samsung Galaxy A34 (A346B) 6/128GB 6,6"" SAMOLED 1080x2408 5000mAh Hybrid Dual SIM 5G Awesome Graphite","1288,00zł","6,6""",6GB,128GB,48Mpix,13Mpix,199g
"Smartfon Samsung Galaxy S22 (S901) 8/128GB 6,1"" Dynamic AMOLED 2X 2340x1080 3700mAh Dual SIM 5G czarny","2577,00zł","6,1""",8GB,128GB,50Mpix,10Mpix,167g
"Smartfon Samsung Galaxy A53 (A536) 6/128GB 6,5"" SAMOLED 2400x1080 5000mAh Hybrid Dual SIM 5G Black","1426,00zł","6,5""",6GB,128GB,64Mpix,32Mpix,189g
"Smartfon Samsung Galaxy S23 Ultra (S918) 8/256GB 6,8"" Dynamic AMOLED 2X 3088x1440 5000mAh Dual SIM 5G Phantom Black","4788,00zł","6,8""",8GB,256GB,200MP,12Mpix,233g
"Smartfon Samsung Galaxy S23 Ultra (S918) 12/512GB 6,8"" Dynamic AMOLED 2X 3088x144 5000mAh Dual SIM 5G Black","5399,00zł","6,8""",12GB,512GB,200MP,12Mpix,233g
"Smartfon Samsung Galaxy A54 (A546B) 8/256GB 6,4"" SAMOLED 1080x2340 5000mAh Hybrid Dual SIM 5G Awesome Graphite","1877,00zł","6,4""",8GB,256GB,50Mpix,32Mpix,202g
"Smartfon Samsung Galaxy A14 (A145R) 4/64GB 6,6"" PLS 1080x2408 5000mAh Dual SIM 4G Black","625,00zł","6,6""",4GB,64GB,50Mpix,13Mpix,201g
"Smartfon Samsung Galaxy A14 (A145R) 4/128GB 6,6"" PLS 1080x2408 5000mAh Dual SIM 4G Black","688,00zł","6,6""",4GB,128GB,50Mpix,13Mpix,201g
"Smartfon Samsung Galaxy Xcover 5 (G525F) Enterprise Edition 4/64GB 5,3"" PLS 1480x720 3000mAh Dual SIM 4G Black","977,00zł","5,3""",4GB,64GB,16Mpix,5Mpix,172g
"Smartfon Samsung Galaxy A54 (A546B) 8/128GB 6,4"" SAMOLED 1080x2340 5000mAh Hybrid Dual SIM 5G Violet","1678,00zł","6,4""",8GB,128GB,50Mpix,32Mpix,202g
"Smartfon Samsung Galaxy A54 (A546B) 8/256GB 6,4"" SAMOLED 1080x2340 5000mAh Hybrid Dual SIM 5G Awesome Violet","1895,00zł","6,4""",8GB,256GB,50Mpix,32Mpix,202g
"Smartfon Samsung Galaxy S21 FE (G990) 6/128GB 6,4"" Dynamic AMOLED 2X 2340x1080 4500mAh Dual SIM 5G Grey","2085,00zł","6,4""",6GB,128GB,12Mpix,32Mpix,177g
"Smartfon Samsung Galaxy S23 (S911) 8/128GB 6,1"" Dynamic AMOLED 2X 2340x1080 3900mAh Dual SIM 5G Green","3177,00zł","6,1""",8GB,128GB,50Mpix,12Mpix,168g
"Smartfon Samsung Galaxy A14 (A145R) 4/64GB 6,6"" PLS 1080x2408 5000mAh Dual SIM 4G Aurora Silver","625,00zł","6,6""",4GB,64GB,50Mpix,13Mpix,201g
"Smartfon Samsung Galaxy A34 (A346B) 8/256GB 6,6"" SAMOLED 1080x2408 5000mAh Hybrid Dual SIM 5G Light Violet","1477,00zł","6,6""",8GB,256GB,48Mpix,13Mpix,199g
"Smartfon Samsung Galaxy S20 FE (G780) 6/128GB 6.5"" SAMOLED 2400x1080 4500mAh Dual SIM 4G White","1799,00zł","6,5""",6GB,128GB,12Mpix,32Mpix,190g
"Smartfon Samsung Galaxy A34 (A346B) 8/256GB 6,6"" SAMOLED 1080x2408 5000mAh Dual SIM 5G Lime","1459,00zł","6,6""",8GB,256GB,48Mpix,13Mpix,199g
"Smartfon Samsung Galaxy S22 (S901) 8/256GB 6,1"" Dynamic AMOLED 2X 2340x1080 3700mAh Dual SIM 5G Black","2899,00zł","6,1""",8GB,256GB,50Mpix,10Mpix,167g
"Smartfon Samsung Galaxy A54 (A546B) 8/128GB 6,4"" SAMOLED 1080x2340 5000mAh Hybrid Dual SIM 5G Lime","1715,00zł","6,4""",8GB,128GB,50Mpix,32Mpix,202g
"Smartfon Samsung Galaxy S23 (S911) 8/128GB 6,1"" Dynamic AMOLED 2X 2340x1080 3900mAh Dual SIM 5G Lavender","3177,00zł","6,1""",8GB,128GB,50Mpix,12Mpix,168g
"Smartfon Samsung Galaxy A14 (A146P) 4/128GB 6,6"" PLS 1080x2408 5000mAh Dual SIM 5G Black","877,00zł","6,6""",4GB,128GB,50Mpix,13Mpix,205g
"Smartfon Samsung Galaxy S23 (S911) 8/128GB 6,1"" Dynamic AMOLED 2X 2340x1080 3900mAh Dual SIM 5G Cream","3199,00zł","6,1""",8GB,128GB,50Mpix,12Mpix,168g
"Smartfon Samsung Galaxy A54 (A546B) 8/256GB 6,4"" SAMOLED 1080x2340 5000mAh Hybrid Dual SIM 5G Awesome White","1895,00zł","6,4""",8GB,256GB,50Mpix,32Mpix,202g
"Smartfon Samsung Galaxy S23 Ultra (S918) 8/256GB 6,8"" Dynamic AMOLED 2X 3088x1440 5000mAh Dual SIM 5G Lavender","4888,00zł","6,8""",8GB,256GB,200MP,12Mpix,233g
"Smartfon Samsung Galaxy S22 (S901) 8/128GB 6,1"" Dynamic AMOLED 2X 2340x1080 3700mAh Dual SIM 5G zielony","2595,00zł","6,1""",8GB,128GB,50Mpix,10Mpix,167g
"Smartfon Samsung Galaxy Z Fold 5 (F946B) 12/256GB 7,6"" OLED 2176x1812 4400mAh Dual SIM 5G Phantom Black","5899,00zł","7,6""",12GB,256GB,50Mpix,10Mpix,253g
"Smartfon Samsung Galaxy S22 (S901) 8/128GB 6,1"" Dynamic AMOLED 2X 2340x1080 3700mAh Dual SIM 5G biały","2579,00zł","6,1""",8GB,128GB,50Mpix,10Mpix,167g
"Smartfon Samsung Galaxy A34 (A346B) 6/128GB 6,6"" SAMOLED 1080x2408 5000mAh Hybrid Dual SIM 5G Awesome Violet","1299,00zł","6,6""",6GB,128GB,48Mpix,13Mpix,199g
"Smartfon Samsung Galaxy S23+ (S916) 8/512GB 6,6"" Dynamic AMOLED 2X 2340x1080 4700mAh Dual SIM 5G Phantom Black","4599,00zł","6,6""",8GB,512GB,50Mpix,12Mpix,195g
"Smartfon Samsung Galaxy S23 Ultra (S918) 8/256GB 6,8"" Dynamic AMOLED 2X 3088x1440 5000mAh Dual SIM 5G Green","4855,00zł","6,8""",8GB,256GB,200MP,12Mpix,233g
"Smartfon Samsung Galaxy A34 (A346B) 8/256GB 6,6"" SAMOLED 1080x2408 5000mAh Hybrid Dual SIM 5G Silver","1466,00zł","6,6""",8GB,256GB,48Mpix,13Mpix,199g
"Smartfon Samsung Galaxy S23 (S911) 8/256GB 6,1"" OLED 2340x1080 3900mAh Dual SIM 5G Black","3695,00zł","6,1""",8GB,256GB,50Mpix,12Mpix,168g
"Smartfon Samsung Galaxy A34 (A346B) 6/128GB 6,6"" SAMOLED 1080x2408 5000mAh Hybrid Dual SIM 5G Awesome Lime","1299,00zł","6,6""",6GB,128GB,48Mpix,13Mpix,199g
"Smartfon Samsung Galaxy Z Flip 5 (F731B) 8/256GB 6,7"" OLED 2640x1080 Dual SIM 5G Graphite","3549,00zł","6,7""",8GB,256GB,12Mpix,10Mpix,187g
"Smartfon Samsung Galaxy A54 (A546B) 8/128GB 6,4"" SAMOLED 1080x2340 5000mAh Dual SIM 5G Awesome White","1739,00zł","6,4""",8GB,128GB,50Mpix,32Mpix,202g
"Smartfon Samsung Galaxy S23 (S911) 8/256GB 6,1"" Dynamic AMOLED 2X 2340x1080 3900mAh Dual SIM 5G Green","3645,00zł","6,1""",8GB,256GB,50Mpix,12Mpix,168g
"Smartfon Samsung Galaxy Z Flip 5 (F731B) 8/512GB 6,7"" OLED 2640x1080 3700mAh Dual SIM 5G Graphite","3699,00zł","6,7""",8GB,512GB,12Mpix,10Mpix,187g
"Smartfon Samsung Galaxy Z Fold 5 (F946B) 12/512GB 7,6"" OLED 2176x1812 4400mAh Dual SIM 5G Phantom Black","6179,00zł","7,6""",12GB,512GB,50Mpix,10Mpix,253g
"Smartfon Samsung Galaxy S23+ (S916) 8/512GB 6,6"" OLED 2340x1080 4700mAh Dual SIM 5G Beige","4498,00zł","6,6""",8GB,512GB,50Mpix,12Mpix,195g
"Smartfon Samsung Galaxy S21 FE (G990) 6/128GB 6,4"" Dynamic AMOLED 2X 2340x1080 4500mAh 5G Light Green","2087,00zł","6,4""",6GB,128GB,12Mpix,32Mpix,177g
"Smartfon Samsung Galaxy S23 (S911) 8/256GB 6,1"" Dynamic AMOLED 2X 2340x1080 3900mAh Dual SIM 5G Lavender","3698,00zł","6,1""",8GB,256GB,50Mpix,12Mpix,168g
"Smartfon Samsung Galaxy S23 (S911) 8/128GB 6,1"" Dynamic AMOLED 2X 2340x1080 3900mAh Dual SIM 5G Phantom Black","3255,00zł","6,1""",8GB,128GB,50Mpix,12Mpix,168g
"Smartfon Samsung Galaxy S23 Ultra (S918) 12/512GB 6,8"" Dynamic AMOLED 2X 3088x1440 5000mAh Dual SIM 5G Lavender","5588,00zł","6,8""",12GB,512GB,200MP,12Mpix,233g
"Smartfon Samsung Galaxy S23+ (S916) 8/512GB 6,6"" Dynamic AMOLED 2X 2340x1080 4700mAh Dual SIM 5G Green","4544,00zł","6,6""",8GB,512GB,50Mpix,12Mpix,195g
"Smartfon Samsung Galaxy Z Flip 5 (F731B) 8/256GB 6,7"" OLED 2640x1080 3700mAh Dual SIM 5G Cream","3625,00zł","6,7""",8GB,256GB,12Mpix,10Mpix,187g
"Smartfon Samsung Galaxy S23 (S911) 8/256GB 6,1"" OLED 2340x1080 3900mAh Dual SIM 5G Cream","3598,00zł","6,1""",8GB,256GB,50Mpix,12Mpix,168g
"Smartfon Samsung Galaxy A14 (A145R) 4/64GB 6,6"" PLS 1080x2408 5000mAh Dual SIM 4G Green","625,00zł","6,6""",4GB,64GB,50Mpix,13Mpix,201g
"Smartfon Samsung Galaxy Z Fold 5 (F946B) 12/256GB 7,6"" OLED 2176x1812 4400mAh Dual SIM 5G Icy Blue","5899,00zł","7,6""",12GB,256GB,50Mpix,10Mpix,253g
"Smartfon Samsung Galaxy A34 (A346B) 6/128GB 6,6"" SAMOLED 1080x2408 5000mAh Hybrid Dual SIM 5G Awesome Silver","1325,00zł","6,6""",6GB,128GB,48Mpix,13Mpix,199g
"Smartfon Samsung Galaxy A54 (A546B) 8/256GB 6,4"" SAMOLED 1080x2340 5000mAh Hybrid Dual SIM 5G Awesome Lime","1925,00zł","6,4""",8GB,256GB,50Mpix,32Mpix,202g
"Smartfon Samsung Galaxy M13 (M135) 4/64GB 6,6"" PLS 1080x2408 5000mAh Dual SIM 4G Niebieski","639,00zł","6,6""",4GB,64GB,50Mpix,8Mpix,192g
"Smartfon Samsung Galaxy A33 (A336) 6/128GB 6,4"" SAMOLED 1080x2400 5000mAh Hybrid Dual SIM 5G Black","1129,00zł","6,4""",6GB,128GB,48Mpix,3840x2160px,186g
"Smartfon Samsung Galaxy S22 Ultra (S908) 8/128GB 6,8"" Dynamic AMOLED 2X 3088x1440 5000mAh Dual SIM 5G czarny","4099,00zł","6,8""",8GB,128GB,108Mpix,40Mpix,228g
"Smartfon Samsung Galaxy A04s (A047) 3/32GB 6,5"" PLS 1600x720 5000 mAh Dual SIM LTE Black","539,00zł","6,5""",3GB,32GB,50Mpix,5Mpix,195g
"Smartfon Samsung Galaxy Z Fold 5 (F946B) 12/512GB 7,6"" OLED 2176x1812 4400mAh Dual SIM 5G Icy Blue","6199,00zł","7,6""",12GB,512GB,50Mpix,10Mpix,253g
"Smartfon Samsung Galaxy S22 Ultra (S908) 12/256GB 6,8"" Dynamic AMOLED 2X 3088x1440 5000mAh Dual SIM 5G biały","4299,00zł","6,8""",12GB,256GB,108Mpix,40Mpix,228g
"Smartfon Samsung Galaxy A14 (A146P) 4/128GB 6,6"" PLS 1080x2408 5000mAh Dual SIM 5G Silver","877,00zł","6,6""",4GB,128GB,50Mpix,13Mpix,205g
"Smartfon Samsung Galaxy A14 (A146P) 4/64GB 6,6"" PLS 1080x2408 5000mAh Dual SIM 5G Green","809,00zł","6,6""",4GB,64GB,50Mpix,13Mpix,205g
"Smartfon Samsung Galaxy S22 (S901) 8/256GB 6,1"" Dynamic AMOLED 2X 2340x1080 3700mAh Dual SIM 5G różowy","2799,00zł","6,1""",8GB,256GB,50Mpix,10Mpix,167g
"Smartfon Samsung Galaxy S21 FE (G990) 6/128GB 6,4"" Dynamic AMOLED 2X 2340x1080 4500mAh Dual SIM 5G White","2188,00zł","6,4""",6GB,128GB,12Mpix,32Mpix,177g
"Smartfon Samsung Galaxy S23 Ultra (S918) 12/512GB 6,8"" Dynamic AMOLED 2X 3088x1440 5000mAh Dual SIM 5G Green","5699,00zł","6,8""",12GB,512GB,200MP,12Mpix,233g
"Smartfon Samsung Galaxy Z Flip 5 (F731B) 8/512GB 6,7"" OLED 2640x1080 3700mAh Dual SIM 5G Cream","3899,00zł","6,7""",8GB,512GB,12Mpix,10Mpix,187g
"Smartfon Samsung Galaxy S21 FE (G990) 6/128GB 6,4"" Dynamic AMOLED 2X 2340x1080 4500mAh Dual SIM 5G Light Violet","2165,00zł","6,4""",6GB,128GB,12Mpix,32Mpix,177g
"Smartfon Samsung Galaxy S21 FE (G990) 6/128GB 6,4"" Dynamic AMOLED 2X 2340x1080 4500mAh 5G Light Violet","2099,00zł","6,4""",6GB,128GB,12Mpix,32Mpix,177g
"Smartfon Samsung Galaxy S22 Ultra (S908) 8/128GB 6,8"" Dynamic AMOLED 2X 3088x1440 5000mAh Dual SIM 5G burgundowy","4199,00zł","6,8""",8GB,128GB,108Mpix,40Mpix,228g
"Smartfon Samsung Galaxy Xcover 6 Pro (G736) Enterprise Edition 6/128GB 6,6"" PLS 2408x1080 4050mAh Dual SIM 5G Black","1969,00zł","6,6""",6GB,128GB,50Mpix,13Mpix,235g
"Smartfon Samsung Galaxy S22 (S901) 8/256GB 6,1"" Dynamic AMOLED 2X 2340x1080 3700mAh Dual SIM 5G czarny","2866,00zł","6,1""",8GB,256GB,50Mpix,10Mpix,167g
"Smartfon Samsung Galaxy S23+ (S916) 8/512GB 6,6"" Dynamic AMOLED 2X 2340x1080 4700mAh Dual SIM 5G Light Pink","4599,00zł","6,6""",8GB,512GB,50Mpix,12Mpix,195g
Smartfon Samsung Galaxy M34 (M346) DS 6/128GB 5G Silver,"1399,00zł","6,5""",6GB,128GB,50Mpix,13Mpix,208g
Smartfon Blackview BV9300 12/256GB Czarny,"1699,00zł","6,6""",12GB,256GB,50Mpix,32Mpix,520g
"Smartfon Samsung Galaxy S22 (S901) 8/256GB 6,1"" Dynamic AMOLED 2X 2340x1080 3700mAh Dual SIM 5G biały","3045,00zł","6,1""",8GB,256GB,50Mpix,10Mpix,167g
"Smartfon Samsung Galaxy S23+ (S916) 8/256GB 6,6"" Dynamic AMOLED 2X 2340x1080 4700mAh Dual SIM 5G Light Pink","4299,00zł","6,6""",8GB,256GB,50Mpix,12Mpix,195g
"Smartfon Samsung Galaxy M13 (M135) 4/64GB 6,6"" PLS 1080x2408 5000mAh Dual SIM 4G Orange","644,00zł","6,6""",4GB,64GB,50Mpix,8Mpix,192g
"Smartfon Samsung Galaxy A23 (A236) 4/64GB 6,6"" PLS 1080x2408 5000mAh Hybrid Dual SIM 5G White","966,00zł","6,6""",4GB,64GB,50Mpix,8Mpix,197g
"Smartfon Samsung Galaxy A04s (A047) 3/32GB 6,5"" PLS 1600x720 5000 mAh Dual SIM LTE White","544,00zł","6,5""",3GB,32GB,50Mpix,5Mpix,195g
"Smartfon Samsung Galaxy A14 (A145R) 4/128GB 6,6"" PLS 1080x2408 5000mAh Dual SIM 4G Aurora Silver","695,00zł","6,6""",4GB,128GB,50Mpix,13Mpix,201g
"Smartfon Samsung Galaxy A14 (A146P) 4/64GB 6,6"" PLS 1080x2408 5000mAh Dual SIM 5G Black","855,00zł","6,6""",4GB,64GB,50Mpix,13Mpix,205g
"Smartfon Samsung Galaxy A14 (A146P) 4/64GB 6,6"" PLS 1080x2408 5000mAh Dual SIM 5G Silver","849,00zł","6,6""",4GB,64GB,50Mpix,13Mpix,205g
"Smartfon Samsung Galaxy S23 Ultra (S918) 8/256GB 6,8"" OLED 3088x1440 5000mAh Dual SIM 5G Cream","4899,00zł","6,8""",8GB,256GB,200MP,12Mpix,233g
"Smartfon Samsung Galaxy Z Flip 5 (F731B) 8/256GB 6,7"" OLED 2640x1080 3700mAh Dual SIM 5G Mint","3755,00zł","6,7""",8GB,256GB,12Mpix,10Mpix,187g
Smartfon Blackview BV9300 12/256GB Pomarańczowy,"1699,00zł","6,6""",12GB,256GB,50Mpix,32Mpix,520g
Smartfon Blackview BV9300 12/256GB Zielony,"1699,00zł","6,6""",12GB,256GB,50Mpix,32Mpix,520g
"Smartfon Samsung Galaxy A54 (A546B) 8/256GB 6,4"" OLED 1080x2340 5000 mAh Hybrid Dual SIM 5G Awesome Graphite","1925,00zł","6,4""",8GB,256GB,50Mpix,32Mpix,202g
"Smartfon Samsung Galaxy A14 A145 4/128GB 6,6"" PLS 1080x2408 5000mAh LTE Light Green","695,00zł","6,6""",4GB,128GB,50Mpix,13Mpix,201g
"Smartfon Samsung Galaxy A04s (A047) 3/32GB 6,5"" PLS 1600x720 5000 mAh Dual SIM LTE Green","533,00zł","6,5""",3GB,32GB,50Mpix,5Mpix,195g
"Smartfon Samsung Galaxy Z Fold 4 (F936) 12/512GB 7,6"" Dynamic AMOLED 2X 2176x1812 / 2316x904 4400mAh 5G Green","5499,00zł","7,6""",12GB,512GB,50Mpix,10Mpix,263g
"Smartfon Samsung Galaxy S21 FE (G990) 8/256GB 6,4"" Dynamic AMOLED 2X 2340x1080 4500mAh Dual SIM 5G Lavender","2645,00zł","6,4""",8GB,256GB,12Mpix,32Mpix,177g
"Smartfon Samsung Galaxy A23 (A236) 4/64GB 6,6"" PLS 1080x2408 5000mAh Hybrid Dual SIM 5G Blue","966,00zł","6,6""",4GB,64GB,50Mpix,8Mpix,197g
"Smartfon Samsung Galaxy S23+ (S916) 8/256GB 6,6"" Dynamic AMOLED 2X 2340x1080 4700mAh Dual SIM 5G Black","4189,00zł","6,6""",8GB,256GB,50Mpix,12Mpix,195g
Smartfon Samsung Galaxy M34 (M346) DS 6/128GB 5G Blue,"1399,00zł","6,5""",6GB,128GB,50Mpix,13Mpix,208g
Smartfon Samsung Galaxy M34 (M346) DS 6/128GB 5G Navy Blue,"1399,00zł","6,5""",6GB,128GB,50Mpix,13Mpix,208g
"Smartfon Samsung Galaxy Z Fold 5 (F946B) 12/512GB 7,6"" OLED 2176x1812 4400mAh Dual SIM 5G Cream","6199,00zł","7,6""",12GB,512GB,50Mpix,10Mpix,253g
"Smartfon Samsung Galaxy S22 (S901) 8/256GB 6,1"" Dynamic AMOLED 2X 2340x1080 3700mAh Dual SIM 5G zielony","2899,00zł","6,1""",8GB,256GB,50Mpix,10Mpix,167g
"Smartfon Samsung Galaxy A23 (A236) 4/64GB 6,6"" PLS 1080x2408 5000mAh Hybrid Dual SIM 5G Black","966,00zł","6,6""",4GB,64GB,50Mpix,8Mpix,197g
"Smartfon Samsung Galaxy S22 (S901) 8/256GB 6,1""Dynamic AMOLED 2X 2340x1080 3700mAh Dual SIM 5G Lawendowy","3055,00zł","6,1""",8GB,256GB,50Mpix,10Mpix,167g
"Smartfon Samsung Galaxy S21 FE (G990) 6/128GB 6,4"" Dynamic AMOLED 2X 2400x1080 Dual SIM 5G Olive","2179,00zł","6,4""",6GB,128GB,12Mpix,32Mpix,177g
"Smartfon Samsung Galaxy Z Flip 4 (F721) 8/256GB 6,7"" Dynamic AMOLED 2X 2640x1080 3700mAh Dual SIM 5G Graphite","3299,00zł","6,7""",8GB,256GB,12Mpix,10Mpix,187g
"Smartfon Samsung Galaxy Z Fold 4 (F936) 12/512GB 7,6"" Dynamic AMOLED 2X 2176x1812 / 2316x904 4400mAh 5G Black","5345,00zł","7,6""",12GB,512GB,50Mpix,10Mpix,263g
"Smartfon Samsung Galaxy A23 (A236) 4/128GB 6,6"" PLS 1080x2408 5000mAh Hybrid Dual SIM 5G Blue","1045,00zł","6,6""",4GB,128GB,50Mpix,8Mpix,197g
Smartfon Blackview BV9200 8/256GB Czarny,"1244,00zł","6,6""",8GB,256GB,50Mpix,16Mpix,310g
"Smartfon Samsung Galaxy S23 Ultra (S918) 12/512GB 6,8"" Dynamic AMOLED 2X 3088x1440 5000mAh Dual SIM 5G Cream","5788,00zł","6,8""",12GB,512GB,200MP,12Mpix,233g
"Smartfon Samsung Galaxy A14 (A145R) 4/128GB 6,6"" PLS 1080x2408 5000mAh Dual SIM 4G Green","719,00zł","6,6""",4GB,128GB,50Mpix,13Mpix,201g
"Smartfon Samsung Galaxy S23+ (S916) 8/256GB 6,6"" Dynamic AMOLED 2X 2340x1080 4700mAh Dual SIM 5G Green","4288,00zł","6,6""",8GB,256GB,50Mpix,12Mpix,195g
Apple iPhone 15 128GB Black,"4398,00zł","6,1""",,128GB,48Mpix,12Mpix,171g
Apple iPhone 15 Pro 256GB Black,"6549,00zł","6,1""",,256GB,48Mpix,12Mpix,187g
Apple iPhone 14 Pro 256GB Deep Purple,"5779,00zł","6,1""",6GB,256GB,48Mpix,12Mpix,206g
Apple iPhone 15 Pro 256GB Natural,"6849,00zł","6,1""",,256GB,48Mpix,12Mpix,187g
Apple iPhone 14 Pro 256GB Space Black,"5679,00zł","6,1""",,256GB,48Mpix,12Mpix,206g
Apple iPhone 14 Pro Max 256GB Gold,"6329,00zł","6,7""",6GB,256GB,48Mpix,12Mpix,240g
Apple iPhone 15 Pro Max 256GB Natural Titanium,"7449,00zł","6,7""",,256GB,48Mpix,12Mpix,221g
Apple iPhone 15 256GB Blue,"4898,00zł","6,1""",,256GB,48Mpix,12Mpix,171g
Apple iPhone 14 128GB Blue,"3599,00zł","6,1""",,128GB,12Mpix,12Mpix,172g
Apple iPhone 15 128GB Blue,"4398,00zł","6,1""",,128GB,48Mpix,12Mpix,171g
Apple iPhone 14 128GB Midnight,"3599,00zł","6,1""",,128GB,12Mpix,12Mpix,172g
Apple iPhone 13 128GB Pink,"3179,00zł","6,1""",,128GB,12Mpix,12Mpix,174g
Apple iPhone 14 128GB Starlight,"3599,00zł","6,1""",,128GB,12Mpix,12Mpix,172g
Apple iPhone 15 Pro Max 512GB Black Titanium,"8499,00zł","6,7""",,512GB,48Mpix,12Mpix,221g
Apple iPhone 15 Pro Max 256GB White Titanium,"7449,00zł","6,7""",,256GB,48Mpix,12Mpix,221g
Apple iPhone 14 Pro Max 128GB Space Black,"5699,00zł","6,7""",,128GB,48Mpix,12Mpix,240g
Apple iPhone 15 Pro 128GB Natural Titanium,"5939,00zł","6,1""",,128GB,48Mpix,12Mpix,187g
Apple iPhone 15 Pro 128GB Blue Titanium,"5939,00zł","6,1""",,128GB,48Mpix,12Mpix,187g
Apple iPhone 15 Pro Max 256GB Black,"7449,00zł","6,7""",,256GB,48Mpix,12Mpix,221g
Apple iPhone 15 Pro 256GB Blue Titanium,"6549,00zł","6,1""",,256GB,48Mpix,12Mpix,187g
Apple iPhone 13 128GB Midnight,"3179,00zł","6,1""",,128GB,12Mpix,12Mpix,174g
Apple iPhone 12 64GB Green,"2699,00zł","6,1""",,64GB,12Mpix,,164g
Apple iPhone 13 128GB Starlight,"3179,00zł","6,1""",,128GB,12Mpix,12Mpix,174g
Apple iPhone 15 128GB Green,"4398,00zł","6,1""",,128GB,48Mpix,12Mpix,171g
Apple iPhone 14 128GB Yellow,"3599,00zł","6,1""",6GB,128GB,12Mpix,12Mpix,172g
Apple iPhone 14 Plus 128GB Midnight,"4149,00zł","6,7""",,128GB,12Mpix,12Mpix,203g
Apple iPhone SE 64GB 2022 Starlight,"2399,00zł","4,7""",,64GB,12Mpix,7Mpix,144g
Apple iPhone 14 128GB Purple,"3599,00zł","6,1""",,128GB,12Mpix,12Mpix,172g
Apple iPhone 14 Plus 128GB Purple,"4149,00zł","6,7""",,128GB,12Mpix,12Mpix,203g
Apple iPhone 15 Pro Max 256GB Titanium Blue,"7349,00zł","6,7""",,256GB,48Mpix,12Mpix,221g
Apple iPhone 15 Pro 128GB Black Titanium,"5939,00zł","6,1""",,128GB,48Mpix,12Mpix,187g
Apple iPhone SE 64GB 2022 (PRODUCT)RED,"2329,00zł","4,7""",,64GB,12Mpix,7Mpix,144g
Apple iPhone 11 Pro 256GB Space Gray REMADE 2Y,"2479,00zł","5,8""",,256GB,12Mpix,12Mpix,188g
Apple iPhone 12 64GB Red,"2649,00zł","6,1""",,64GB,12Mpix,,164g
Apple iPhone 11 128GB White,"2549,00zł","6,1""",,128GB,12Mpix,12Mpix,194g
Apple iPhone 15 128GB Pink,"4398,00zł","6,1""",,128GB,48Mpix,12Mpix,171g
Apple iPhone 13 128GB Blue,"3179,00zł","6,1""",,128GB,12Mpix,12Mpix,174g
Apple iPhone 15 Pro Max 512GB Blue,"8349,00zł","6,7""",,512GB,48Mpix,12Mpix,221g
Apple iPhone 15 Pro 512GB Titan Blue,"7599,00zł","6,1""",,512GB,48Mpix,12Mpix,187g
Apple iPhone 15 256GB Green,"4898,00zł","6,1""",,256GB,48Mpix,12Mpix,171g
Apple iPhone X 64GB Silver REMADE 2Y,"1229,00zł","5,8""",,64GB,12Mpix,7Mpix,174g
Apple iPhone 11 64GB White,"2189,00zł","6,1""",,64GB,12Mpix,12Mpix,194g
Apple iPhone 15 Pro 1TB Blue Titanium,"8899,00zł","6,1""",,1TB,48Mpix,12Mpix,187g
Apple iPhone 11 128GB Black,"2579,00zł","6,1""",,128GB,12Mpix,12Mpix,194g
Apple iPhone 15 Plus 128GB Black,"5099,00zł","6,7""",,128GB,48Mpix,12Mpix,201g
Apple iPhone 15 Plus 128GB Green,"5099,00zł","6,7""",,128GB,48Mpix,12Mpix,201g
Apple iPhone X 64GB Space Gray REMADE 2Y,"1229,00zł","5,8""",,64GB,12Mpix,7Mpix,174g
Apple iPhone 11 Pro 256GB Gold REMADE 2Y,"2479,00zł","5,8""",,256GB,12Mpix,12Mpix,188g
Apple iPhone 15 Pro 512GB Titan Black,"8199,00zł","6,1""",,512GB,48Mpix,12Mpix,187g
Apple iPhone 14 128GB (PRODUCT)RED,"3599,00zł","6,1""",6GB,128GB,12Mpix,12Mpix,172g
Apple iPhone 13 128GB (PRODUCT)RED,"3179,00zł","6,1""",,128GB,12Mpix,12Mpix,174g
Apple iPhone 14 Plus 128GB Blue,"4149,00zł","6,7""",,128GB,12Mpix,12Mpix,203g
"Smartfon Motorola Moto G53 4/128GB 6,5"" LCD 1600x720 5000mAh Dual SIM 5G Ink Blue","569,00zł","6,5""",4GB,128GB,50Mpix,8Mpix,183g
"Smartfon Motorola Edge 30 8/128GB 6,55"" P-OLED 1080x2400 4020mAh Dual SIM 5G Meteor Grey","1144,00zł","6,55""",8GB,128GB,50Mpix,32Mpix,155g
"Smartfon Motorola Moto G53 4/128GB 6,5"" LCD 1600x720 5000mAh Dual SIM 5G Pale Pink","569,00zł","6,5""",4GB,128GB,50Mpix,8Mpix,183g
"Smartfon Motorola Moto G53 4/128GB 6,5"" LCD 1600x720 5000mAh Dual SIM 5G Arctic Silver","569,00zł","6,5""",4GB,128GB,50Mpix,8Mpix,183g
"Smartfon Motorola Moto G52 4/128GB 6,6"" AMOLED 2400x1080 5000mAh Hybrid Dual SIM 4G Charcoal Grey","699,00zł","6,6""",4GB,128GB,50Mpix,16Mpix,169g
"Smartfon Motorola Edge 40 8/256GB 6,55"" P-OLED 2400x1080 4400mAh Dual SIM Reseda Green","1799,00zł","6,55""",8GB,256GB,50Mpix,32Mpix,171g
"Smartfon Motorola Moto G42 4/64GB 6,4"" OLED 2400x1080 5000mAh Dual SIM Atlantic Green","569,00zł","6,4""",4GB,64GB,50Mpix,16Mpix,"174,5g"
"Smartfon Motorola Moto G32 6/128GB 6,5"" LCD 2400x1080 5000mAh Dual SIM 4G Grey","649,00zł","6,5""",6GB,128GB,50Mpix,16Mpix,184g
"Smartfon Motorola Edge 30 Neo 8/128GB 6,28"" P-OLED 2400x1080 4020mAh Dual SIM 5G Ice Palace","999,00zł","6,28""",8GB,128GB,64Mpix,32Mpix,155g
"Smartfon Motorola Edge 20 8/128GB 6,7"" OLED 2400x1080 4000mAh Dual SIM 5G Frosted Grey","1399,00zł","6,7""",8GB,128GB,108Mpix,3840x2160px,163g
"Smartfon Motorola ThinkPhone 8/256GB 6,6"" P-OLED 2400x1080 5000mAh Dual SIM 5G Carbon Black","3988,00zł","6,6""",8GB,256GB,50Mpix,32Mpix,189g
"Smartfon Motorola Moto G52 4/256GB 6,6"" AMOLED 2400x1080 5000mAh Hybrid Dual SIM 4G Glacier Blue","799,00zł","6,6""",4GB,256GB,50Mpix,16Mpix,169g
"Smartfon Motorola Moto E40 4/64GB 6,5"" IPS 1600x720 5000mAh Hybrid Dual SIM 4G Carbon Grey","555,00zł","6,5""",4GB,64GB,48Mpix,8Mpix,198g
"Smartfon Motorola Moto G72 8/128GB 6,55"" P-OLED 1080x2460 5000mAh Dual SIM 4G Polar Blue","899,00zł","6,55""",8GB,128GB,108Mpix,16Mpix,166g
"Smartfon Motorola G82 6/128GB 6,6"" AMOLED 2400x1080 5000mAh Hybrid Dual SIM 5G Meteorite Grey","999,00zł","6,6""",6GB,128GB,50Mpix,16Mpix,173g
"Smartfon Motorola Moto G23 8/128GB 6,5"" IPS 1600x720 5000mAh Dual SIM 4G Steel Blue","699,00zł","6,5""",8GB,128GB,50Mpix,16Mpix,"184,25g"
Motorola Moto G32 8/256GB Mineral Grey,"799,00zł","6,5""",8GB,256GB,50Mpix,16Mpix,184g
"Smartfon Motorola Moto G84 12/256GB 6,55"" P-OLED 1080x2400 5000mAh Dual SIM 5G Midnight Blue","1448,00zł","6,55""",12GB,256GB,50Mpix,16Mpix,160g
"Smartfon Motorola Edge 20 Lite 8/128GB 6,7"" OLED 2400x1080 5000mAh Dual SIM 5G Lagoon Green","1099,00zł","6,7""",8GB,128GB,108Mpix,32Mpix,185g
"Smartfon Motorola Edge 30 Neo 8/128GB 6,28"" P-OLED 1080x2400 4020mAh DualSIM 5G Very Peri","999,00zł","6,28""",8GB,128GB,64Mpix,32Mpix,155g
"Smartfon Motorola Moto G13 4/128GB 6,5"" IPS 1600x720 5000mAh Dual SIM 4G Lavender Blue","499,00zł","6,5""",4GB,128GB,50Mpix,8Mpix,"183,45g"
"Smartfon Motorola Moto G23 8/128GB 6,5"" IPS 1600x720 5000mAh Dual SIM 4G Matte Charcoal","699,00zł","6,5""",8GB,128GB,50Mpix,16Mpix,"184,25g"
"Smartfon Motorola Edge 40 8/256GB 6,55"" P-OLED 2400x1080 4400mAh Dual SIM 5G Coronet Blue","1799,00zł","6,55""",8GB,256GB,50Mpix,32Mpix,172g
"Smartfon Motorola Edge 30 Fusion 12/256GB 6,55"" P-OLED 2400x1080 4400mAh Dual SIM 5G Cosmic Grey","2199,00zł","6,55""",12GB,256GB,50Mpix,32Mpix,175g
"Smartfon Motorola Razr 40 8/256GB 6,9"" P-OLED 2640x1080 4200mAh Dual SIM 5G Vanilia Cream","3499,00zł","6,9""",8GB,256GB,64Mpix,32Mpix,"188,6g"
"Smartfon Motorola Razr 40 8/256GB 6,9"" P-OLED 2640x1080 4200mAh Dual SIM 5G Sedona Sage","3499,00zł","6,9""",8GB,256GB,64Mpix,32Mpix,"188,6g"
"Smartfon Motorola Edge 20 6/128GB 6,7"" OLED 2400x1080 4000mAh Dual SIM 5G Frosted Grey","1099,00zł","6,7""",6GB,128GB,108Mpix,32Mpix,163g
"Smartfon Motorola Moto G84 12/256GB 6,55"" P-OLED 1080x2400 5000mAh Dual SIM 5G Marshmallow Blue","1499,00zł","6,55""",12GB,256GB,50Mpix,16Mpix,160g
"Smartfon Motorola Edge 40 Neo 12/256GB 6,55"" OLED 1080x2400 5000mAh Dual SIM 5G Caneel Bay","1899,00zł","6,55""",12GB,256GB,50Mpix,32Mpix,170g
"Smartfon Motorola ThinkPhone 8/256GB 6,55"" AMOLED 2400x1080 5G DS Carbon Black","4199,00zł","6,55""",8GB,256GB,50Mpix,32Mpix,189g
"Smartfon Motorola Moto G52 4/256GB 6,6"" AMOLED 2400x1080 5000mAh Hybrid Dual SIM 4G Charcoal Grey","799,00zł","6,6""",4GB,256GB,50Mpix,16Mpix,169g
"Smartfon Motorola G82 6/128GB 6,6"" AMOLED 2400x1080 5000mAh Hybrid Dual SIM 5G White Lily","999,00zł","6,6""",6GB,128GB,50Mpix,16Mpix,173g
"Smartfon Motorola Edge 30 Ultra 12/256GB 6,67"" P-OLED 1080x2400 4610mAh DualSIM 5G Clark White","2998,00zł","6,67""",12GB,256GB,200MP,60Mpix,"198,5g"
"Smartfon Motorola Edge 30 Ultra 12/256GB 6,67"" P-OLED 1080x2400 4610mAh DualSIM 5G Ash Gray","2999,00zł","6,67""",12GB,256GB,200MP,60Mpix,"198,5g"
"Smartfon Motorola Moto G23 8/128GB 6,5"" IPS 1600x720 5000mAh Dual SIM 4G Pearl White","699,00zł","6,5""",8GB,128GB,50Mpix,16Mpix,"184,25g"
"Smartfon Motorola Moto G73 8/256GB 6,5"" LCD 2400x1080 5000mAh Dual SIM 5G Lucent White","999,00zł","6,5""",8GB,256GB,50Mpix,16Mpix,181g
"Smartfon Motorola Edge 40 8/256GB 6,55"" P-OLED 2400x1080 4400mAh Dual SIM 5G Viva Magenta","1799,00zł","6,55""",8GB,256GB,50Mpix,32Mpix,172g
"Smartfon Motorola Moto G73 8/256GB 6,5"" LCD 2400x1080 5000mAh Hybrid Dual SIM 5G Midnight Blue","999,00zł","6,5""",8GB,256GB,50Mpix,16Mpix,181g
"Smartfon Motorola Razr 40 Ultra 8/256GB 6,9"" P-OLED 2640x1080 3800mAh Dual SIM 5G Viva Magenta","4988,00zł","6,9""",8GB,256GB,12Mpix,32Mpix,188g
"Smartfon Motorola Moto E20 2/32GB 6,5"" IPS 1600x720 4000mAh Dual SIM 4G Graphite Gray","349,00zł","6,5""",2GB,32GB,13Mpix,5Mpix,184g
"Smartfon Motorola Moto G72 6/128GB 6,55"" P-OLED 1080x2460 Dual SIM 5000mAh Meteorite Grey","799,00zł","6,55""",6GB,128GB,108Mpix,16Mpix,166g
Smartfon Motorola Moto G31 4/64GB DS. Mineral Grey,"699,00zł","6,4""",4GB,64GB,50Mpix,13Mpix,181g
"Smartfon Motorola Razr 2022 8/256GB 6,7"" AMOLED 2400x1080 3500mAh Dual SIM 5G Satin Black","3999,00zł","6,7""",8GB,256GB,50Mpix,32Mpix,200g
"Smartfon Motorola Moto Razr 40 8/256GB 6,9"" P-OLED 2640x1080 4200mAh Dual SIM 5G Summer Lilac","3499,00zł","6,9""",8GB,256GB,64Mpix,32Mpix,"188,6g"
"Smartfon Motorola Moto G72 8/128GB 6,6"" AMOLED 2400x1080 5000mAh Dual SIM 4G Meteorite Grey","899,00zł","6,6""",8GB,128GB,108Mpix,16Mpix,166g
"Smartfon Motorola Edge 30 Neo 8/128GB 6,28"" P-OLED 1080x2400 4020mAh Dual SIM 5G Moonless Night","999,00zł","6,28""",8GB,128GB,64Mpix,32Mpix,155g
"Smartfon Motorola EDGE 30 NEO 8/128GB 6,28"" P-OLED 2400x1080 4020mAh DualSIM 5G Aqua Foam","999,00zł","6,28""",8GB,128GB,64Mpix,32Mpix,155g
"Smartfon Motorola Moto G13 4/128GB 6,5"" IPS 1600x720 5000mAh Dual SIM 4G Matte Charcoal","499,00zł","6,5""",4GB,128GB,50Mpix,8Mpix,"183,45g"
"Smartfon Motorola Moto G32 4/64GB 6,5"" LCD 2400x1080 5000mAh Dual SIM 4G Mineral Grey","555,00zł","6,5""",4GB,64GB,50Mpix,16Mpix,184g
"Smartfon Motorola Edge 40 8/256GB 6,55"" P-OLED 2400x1080 4400mAh Dual SIM 5G Jet Black","1799,00zł","6,55""",8GB,256GB,50Mpix,32Mpix,172g
"Smartfon Motorola Edge 40 Pro 12/256GB 6,67"" P-OLED 2400x1080 4600mAh Dual SIM 5G Quartz Black","3999,00zł","6,67""",12GB,256GB,50Mpix,60Mpix,197g
"Smartfon Motorola Edge 40 Pro 12/256GB 6,67"" P-OLED 2400x1080 4600mAh Dual SIM 5G Angel Falls","3999,00zł","6,67""",12GB,256GB,50Mpix,60Mpix,197g
"Smartfon Motorola Moto G72 8/128GB 6,55"" P-OLED 1080x2460 5000mAh Dual SIM 4G Mineral White","899,00zł","6,55""",8GB,128GB,108Mpix,16Mpix,166g
Smartfon Nokia G42 5G 6/128GB Szary,"1099,00zł","6,56""",6GB,128GB,50Mpix,8Mpix,"193,8g"
Smartfon Nokia X30 5G 6/128GB Cloudy Niebieski,"1959,00zł","6,43""",6GB,128GB,50Mpix,16Mpix,185g
Smartfon Nokia XR21 6/128GB Zielony,"2399,00zł","6,49""",6GB,128GB,64Mpix,16Mpix,235g
Smartfon Nokia C31 4/64GB Miętowy,"659,00zł","6,75""",4GB,64GB,13Mpix,5Mpix,200g
Smartfon Nokia G42 5G 6/128GB Lawendowy,"1099,00zł","6,56""",6GB,128GB,50Mpix,8Mpix,"193,8g"
Smartfon Nokia G42 5G 6/128GB Różowy,"1099,00zł","6,56""",6GB,128GB,50Mpix,8Mpix,"193,8g"
Smartfon Nokia C31 4/128GB Szary,"659,00zł","6,75""",4GB,128GB,13Mpix,5Mpix,200g
Smartfon Xiaomi Redmi Note 12 8/256GB Niebieski,"839,00zł","6,67""",8GB,256GB,48Mpix,13Mpix,"183,5g"
Smartfon Xiaomi 12 5G 8/256GB Niebieski,"1799,00zł","6,28""",8GB,256GB,50Mpix,32Mpix,180g
Smartfon Xiaomi Redmi Note 12 8/256GB Szary,"839,00zł","6,67""",8GB,256GB,48Mpix,13Mpix,"183,5g"
Smartfon Xiaomi Redmi Note 12 8/256GB Zielony,"839,00zł","6,67""",8GB,256GB,50Mpix,13Mpix,"183,5g"
Smartfon Xiaomi Redmi Note 12 Pro 5G 8/256GB Niebieski,"1299,00zł","6,67""",8GB,256GB,50Mpix,16Mpix,187g
Smartfon Xiaomi Redmi Note 12 Pro 5G 8/256GB Czarny,"1299,00zł","6,67""",8GB,256GB,50Mpix,16Mpix,187g
Smartfon Xiaomi Redmi Note 12S 8/256GB Czarny,"899,00zł","6,43""",8GB,256GB,108Mpix,16Mpix,176g
Smartfon Xiaomi 13T Pro 5G 12/512GB Czarny,"3099,00zł","6,67""",12GB,512GB,50Mpix,20Mpix,206g
Smartfon Xiaomi Redmi Note 12S 8/256GB Zielony,"899,00zł","6,43""",8GB,256GB,108Mpix,16Mpix,176g
Smartfon Xiaomi Redmi Note 11 Pro 5G 6/128GB Niebieski,"1059,00zł","6,67""",6GB,128GB,108Mpix,16Mpix,202g
Smartfon Xiaomi Redmi Note 12 Pro 6/128GB Szary,"999,00zł","6,67""",6GB,128GB,108Mpix,16Mpix,"201,8g"
Smartfon Xiaomi Redmi Note 12S 8/256GB Niebieski,"899,00zł","6,43""",8GB,256GB,108Mpix,16Mpix,176g
Smartfon Xiaomi Redmi 10 2022 4/128GB Biały,"549,00zł","6,5""",4GB,128GB,50Mpix,8Mpix,181g
Smartfon Xiaomi Redmi Note 12 Pro 5G 8/256GB Biały,"1299,00zł","6,67""",8GB,256GB,50Mpix,16Mpix,187g
Smartfon Xiaomi Redmi Note 12 Pro 5G 6/128GB Czarny,"1159,00zł","6,67""",6GB,128GB,50Mpix,16Mpix,187g
Smartfon Xiaomi Redmi 10C 3/64GB Szary,"399,00zł","6,71""",3GB,64GB,50Mpix,5Mpix,190g
Smartfon Xiaomi 12X 5G 8/256GB Szary,"1919,00zł","6,28""",8GB,256GB,50Mpix,32Mpix,176g
Smartfon Xiaomi 13 Pro 5G 12/512GB Czarny,"5349,00zł","6,73""",12GB,512GB,50Mpix,32Mpix,229g
Smartfon Xiaomi Mi 11T 5G 8/128GB Niebieski,"1399,00zł","6,67""",8GB,128GB,108Mpix,16Mpix,203g
Smartfon Xiaomi 12 Pro 5G 12/256GB Niebieski,"2859,00zł","6,73""",12GB,256GB,50Mpix,32Mpix,205g
Smartfon Xiaomi Mi 12 Lite 8/128GB Czarny,"1229,00zł","6,55""",8GB,128GB,108Mpix,32Mpix,173g
Smartfon Xiaomi POCO X5 5G 6/128GB Czarny,"959,00zł","6,67""",6GB,128GB,48Mpix,13Mpix,189g
Smartfon Xiaomi POCO M5 4/64GB Żółty,"549,00zł","6,58""",4GB,64GB,50Mpix,5Mpix,201g
Smartfon Xiaomi 12X 5G 8/128GB Fioletowy,"1799,00zł","6,28""",8GB,128GB,50Mpix,32Mpix,176g
Smartfon Xiaomi Redmi Note 12 5G 4/128GB Szary,"899,00zł","6,67""",4GB,128GB,48Mpix,13Mpix,189g
Smartfon Xiaomi POCO X5 5G 6/128GB Zielony,"959,00zł","6,67""",6GB,128GB,48Mpix,13Mpix,189g
Smartfon Xiaomi Redmi Note 11 Pro 5G 6/128GB Szary,"1059,00zł","6,67""",6GB,128GB,108Mpix,16Mpix,202g
Smartfon Xiaomi 12X 5G 8/256GB Fioletowy,"1919,00zł","6,28""",8GB,256GB,50Mpix,32Mpix,176g
Smartfon Xiaomi 12X 5G 8/256GB Niebieski,"1919,00zł","6,28""",8GB,256GB,50Mpix,32Mpix,176g
Smartfon Xiaomi 11T 5G 8/128GB Szary,"1399,00zł","6,67""",8GB,128GB,108Mpix,16Mpix,203g
Smartfon Xiaomi Redmi Note 11S 5G 6/128GB Czarny,"899,00zł","6,6""",6GB,128GB,50Mpix,13Mpix,195g
Smartfon Xiaomi 12X 5G 8/128GB Szary,"1799,00zł","6,28""",8GB,128GB,50Mpix,32Mpix,176g
Smartfon Xiaomi Redmi Note 10 Pro 6/64GB Brązowy,"889,00zł","6,67""",6GB,64GB,108Mpix,16Mpix,193g
Smartfon Xiaomi 12 Lite 5G 8/256GB Zielony,"1499,00zł","6,55""",8GB,256GB,108Mpix,32Mpix,173g
Smartfon Xiaomi Redmi 9A 2/32GB Szary,"329,00zł","6,53""",2GB,32GB,13Mpix,5Mpix,196g
Smartfon Xiaomi 12T Pro 5G 8/256GB Niebieski,"2899,00zł","6,67""",8GB,256GB,200MP,20Mpix,205g
Smartfon Xiaomi 13T 5G 8/256GB Czarny,"2459,00zł","6,67""",8GB,256GB,50Mpix,20Mpix,206g
Smartfon Xiaomi Redmi Note 10 Pro 6/64GB Błękitny,"889,00zł","6,67""",6GB,64GB,108Mpix,16Mpix,193g
Smartfon Xiaomi Redmi 10A 2/32GB Szary,"379,00zł","6,53""",2GB,32GB,13Mpix,5Mpix,194g
Smartfon Xiaomi Redmi 12 Pro 5G 12/256GB Szary,"2799,00zł","6,73""",12GB,256GB,50Mpix,32Mpix,205g
Smartfon Xiaomi Redmi 9C 4/128GB Szary,"539,00zł","6,53""",4GB,128GB,13Mpix,1920x1080px,196g
Smartfon Xiaomi Redmi 10 2022 4/64GB Szary,"529,00zł","6,5""",4GB,64GB,50Mpix,8Mpix,181g
Smartfon Xiaomi Redmi 10 2022 4/64GB Niebieski,"529,00zł","6,5""",4GB,64GB,50Mpix,8Mpix,181g
Smartfon Xiaomi POCO M4 5G 4/64GB Niebieski,"659,00zł","6,58""",4GB,64GB,50Mpix,5Mpix,201g
Smartfon Xiaomi 12 Lite 5G 8/256GB Czarny,"1499,00zł","6,55""",8GB,256GB,108Mpix,32Mpix,173g
Smartfon Xiaomi Redmi Note 11S 5G 4/128GB Czarny,"799,00zł","6,6""",4GB,128GB,50Mpix,13Mpix,195g
Smartfon Xiaomi Redmi Note 11 Pro 6/64GB Błękitny,"999,00zł","6,67""",6GB,128GB,108Mpix,16Mpix,202g
Smartfon Xiaomi 13T 5G 8/256GB Niebieski,"2459,00zł","6,67""",8GB,256GB,50Mpix,20Mpix,206g
Smartfon Xiaomi 12 Lite 5G 6/128 Zielony,"1299,00zł","6,55""",6GB,128GB,108Mpix,32Mpix,173g
Smartfon Xiaomi Redmi Note 12S 6/128GB Czarny,"919,00zł","6,43""",6GB,128GB,108Mpix,16Mpix,176g
Smartfon Xiaomi 11 Lite 5G 8/128GB Zielony,"1359,00zł","6,55""",8GB,128GB,64Mpix,20Mpix,158g
Smartfon Xiaomi Redmi 9AT 2/32GB Szary,"349,00zł","6,53""",2GB,32GB,13Mpix,5Mpix,196g
Smartfon Xiaomi Mi 11 lite 5G 6/128GB Czarny,"1359,00zł","6,55""",6GB,128GB,64Mpix,20Mpix,158g
Smartfon Xiaomi 12X 5G 8/128GB Niebieski,"1799,00zł","6,28""",8GB,128GB,50Mpix,32Mpix,176g
Smartfon Xiaomi Redmi 9C 4/128GB Zielony,"599,00zł","6,53""",4GB,128GB,13Mpix,1920x1080px,196g
Smartfon Xiaomi Redmi 10A 2/32GB Niebieski,"379,00zł","6,53""",2GB,32GB,13Mpix,5Mpix,194g
Smartfon Honor 70 5G 8/256GB Zielony,"1699,00zł","6,67""",8GB,256GB,54Mpix,6528x4896px,178g
Smartfon Honor Magic5 Pro 5G 12/512GB Czarny,"4399,00zł","6,81""",12GB,512GB,50Mpix,4096x3072px,219g
Smartfon Honor 90 5G 12/512GB Czarny,"2099,00zł","6,7""",12GB,512GB,200MP,50MP,183g
Smartfon Honor Magic5 Lite 5G 8/256GB Zielony,"1199,00zł","6,67""",8GB,256GB,64Mpix,16Mpix,175g
Smartfon Honor 90 5G 8/256GB Czarny,"1759,00zł","6,7""",8GB,256GB,200MP,50MP,183g
Smartfon Honor X7 4/128GB Czarny,"629,00zł","17,1cm(6.74"")",4GB,128GB,48Mpix,8Mpix,198g
Smartfon Honor 90 5G 12/512GB Zielony,"2099,00zł","6,7""",12GB,512GB,200MP,50MP,183g
Smartfon Honor 70 5G 8/128GB Zielony,"1569,00zł","6,67""",8GB,128GB,54Mpix,6528x4896px,178g
Smartfon Honor Magic5 Lite 5G 6/128GB Zielony,"1099,00zł","6,67""",6GB,128GB,64Mpix,16Mpix,175g
Smartfon Honor Magic5 Lite 5G 6/128GB Czarny,"1099,00zł","6,67""",6GB,128GB,64Mpix,16Mpix,175g
Smartfon Honor 90 Lite 5G 8/256GB Czarny,"999,00zł","6,7""",8GB,256GB,100MP,16Mpix,179g
Smartfon Honor 70 Lite 5G 4/128GB Niebieski,"699,00zł","6,5""",4GB,128GB,50Mpix,3264x2448px,194g
Smartfon Honor 70 Lite 5G 4/128GB Srebrny,"699,00zł","6,5""",4GB,128GB,50Mpix,3264x2448px,194g
Smartfon Honor 70 Lite 5G 4/128GB Czarny,"699,00zł","6,5""",4GB,128GB,50Mpix,3264x2448px,194g
Smartfon Honor 90 5G 8/256GB Zielony,"1759,00zł","6,7""",8GB,256GB,200MP,50MP,183g
Smartfon Honor X6a 4/128GB Niebieski,"659,00zł","6,56""",4GB,128GB,50Mpix,5Mpix,188g
Smartfon Honor X8 5G 6/128GB Niebieski,"999,00zł","6,5""",6GB,128GB,48Mpix,3264x2448px,194g
Smartfon Honor Magic5 Lite 5G 8/256GB Czarny,"1199,00zł","6,67""",8GB,256GB,64Mpix,16Mpix,175g
Smartfon Huawei Nova 11 Pro 8/256GB Zielony,"2799,00zł","6,78""",8GB,256GB,50Mpix,60Mpix,188g
Smartfon Honor X6a 4/128GB Czarny,"659,00zł","6,56""",4GB,128GB,50Mpix,5Mpix,188g
Smartfon Oppo Reno 10 5G 8/256GB Szary,"1759,00zł","6,7""",8GB,256GB,64Mpix,32Mpix,185g
Smartfon Oppo Reno 10 5G 8/256GB Niebieski,"1759,00zł","6,7""",8GB,256GB,64Mpix,32Mpix,185g
Smartfon realme 11 Pro 5G 8/256GB Czarny,"1599,00zł","6,7""",8GB,256GB,100MP,16Mpix,185g
Smartfon realme 11 Pro 5G 8/256GB Beżowy,"1599,00zł","6,7""",8GB,256GB,100MP,16Mpix,191g
Smartfon realme GT 5G 8/128GB Srebrny,"1559,00zł","6,43""",8GB,128GB,64Mpix,16Mpix,186g
Smartfon realme 9i 4/64GB Niebieski,"599,00zł","6,6""",4GB,64GB,50Mpix,16Mpix,190g
Smartfon realme C21Y 3/32GB Czarny,"459,00zł","6,5""",3GB,32GB,13Mpix,5Mpix,200g
Smartfon realme C30 3/32GB Niebieski,"349,00zł","6,5""",3GB,32GB,8Mpix,5Mpix,182g
Smartfon realme C30 3/32GB Zielony,"349,00zł","6,5""",3GB,32GB,8Mpix,5Mpix,182g
Smartfon realme 9 5G 4/128GB Czarny,"759,00zł","6,5""",4GB,128GB,48Mpix,16Mpix,188g
Smartfon realme C31 3/32GB Zielony,"439,00zł","6,5""",3GB,32GB,13Mpix,5Mpix,197g
